Data;Entrada 1;Saida 1;Entrada 2;Saida 2;Entrada 3;Saida 3;Entrada 4;Saida 4;Entrada 5;Saida 5;Entrada 6;Saida 6
01/10/2016;00:00;00:00;;;;;;;;;;
02/10/2016;00:00;00:00;;;;;;;;;;
04/10/2016;08:03;11:58;13:17;18:06;;;;;;;;
05/10/2016;08:42;12:22;13:30;18:34;;;;;;;;
06/10/2016;09:08;11:59;13:04;18:32;;;;;;;;
07/10/2016;08:58;12:16;13:49;19:18;;;;;;;;
08/10/2016;00:00;00:00;;;;;;;;;;
09/10/2016;00:00;00:00;;;;;;;;;;
10/10/2016;00:00;00:00;;;;;;;;;;
11/10/2016;00:00;00:00;;;;;;;;;;
12/10/2016;00:00;00:00;;;;;;;;;;
13/10/2016;00:00;00:00;;;;;;;;;;
14/10/2016;00:00;00:00;;;;;;;;;;
15/10/2016;00:00;00:00;;;;;;;;;;
16/10/2016;00:00;00:00;;;;;;;;;;
17/10/2016;00:00;00:00;;;;;;;;;;
18/10/2016;00:00;00:00;;;;;;;;;;
19/10/2016;00:00;00:00;;;;;;;;;;
20/10/2016;00:00;00:00;;;;;;;;;;
21/10/2016;00:00;00:00;;;;;;;;;;
22/10/2016;00:00;00:00;;;;;;;;;;
23/10/2016;00:00;00:00;;;;;;;;;;
24/10/2016;00:00;00:00;;;;;;;;;;
25/10/2016;00:00;00:00;;;;;;;;;;
26/10/2016;00:00;00:00;;;;;;;;;;
27/10/2016;00:00;00:00;;;;;;;;;;
28/10/2016;00:00;00:00;;;;;;;;;;
29/10/2016;00:00;00:00;;;;;;;;;;
30/10/2016;00:00;00:00;;;;;;;;;;
31/10/2016;08:03;12:10;13:11;17:57;;;;;;;;
01/11/2016;08:02;11:56;13:00;17:11;;;;;;;;
02/11/2016;00:00;00:00;;;;;;;;;;
03/11/2016;09:02;12:33;13:56;19:07;;;;;;;;
04/11/2016;09:00;12:12;13:18;19:00;;;;;;;;
05/11/2016;00:00;00:00;;;;;;;;;;
06/11/2016;00:00;00:00;;;;;;;;;;
07/11/2016;09:00;12:00;13:00;18:00;;;;;;;;
08/11/2016;09:08;13:27;14:32;18:29;;;;;;;;
09/11/2016;08:56;14:00;15:09;18:16;;;;;;;;
10/11/2016;09:44;13:37;14:54;19:21;;;;;;;;
11/11/2016;08:26;13:28;14:28;17:28;;;;;;;;
12/11/2016;00:00;00:00;;;;;;;;;;
13/11/2016;00:00;00:00;;;;;;;;;;
14/11/2016;09:02;13:54;14:58;18:08;;;;;;;;
15/11/2016;00:00;00:00;;;;;;;;;;
16/11/2016;08:12;13:16;14:20;17:39;;;;;;;;
17/11/2016;08:24;13:29;14:34;17:42;;;;;;;;
18/11/2016;08:19;12:45;13:45;18:02;;;;;;;;
19/11/2016;00:00;00:00;;;;;;;;;;
20/11/2016;00:00;00:00;;;;;;;;;;
22/11/2016;08:43;12:55;13:54;18:22;;;;;;;;
23/11/2016;07:20;11:51;12:56;16:25;;;;;;;;
24/11/2016;00:00;00:00;;;;;;;;;;
25/11/2016;00:00;00:00;;;;;;;;;;
26/11/2016;00:00;00:00;;;;;;;;;;
27/11/2016;00:00;00:00;;;;;;;;;;
28/11/2016;07:11;12:25;13:25;16:30;;;;;;;;
29/11/2016;08:31;12:27;13:32;17:40;;;;;;;;
30/11/2016;08:10;12:06;13:10;17:18;;;;;;;;
01/12/2016;07:52;12:17;13:48;17:41;;;;;;;;
03/12/2016;00:00;00:00;;;;;;;;;;
04/12/2016;00:00;00:00;;;;;;;;;;
05/12/2016;07:18;12:01;13:01;16:21;;;;;;;;
06/12/2016;08:33;12:09;13:35;18:23;;;;;;;;
07/12/2016;10:21;12:31;13:38;19:31;;;;;;;;
08/12/2016;08:13;12:25;13:27;17:18;;;;;;;;
10/12/2016;00:00;00:00;;;;;;;;;;
11/12/2016;00:00;00:00;;;;;;;;;;
12/12/2016;07:47;12:25;13:25;16:56;;;;;;;;
13/12/2016;07:51;12:23;13:30;17:00;;;;;;;;
14/12/2016;07:43;12:05;13:19;17:02;;;;;;;;
15/12/2016;08:04;12:12;13:13;17:07;;;;;;;;
16/12/2016;08:10;13:27;14:27;17:14;;;;;;;;
17/12/2016;00:00;00:00;;;;;;;;;;
18/12/2016;00:00;00:00;;;;;;;;;;
19/12/2016;07:10;12:03;13:03;16:11;;;;;;;;
20/12/2016;08:12;12:47;13:47;17:13;;;;;;;;
21/12/2016;07:59;12:34;13:33;17:19;;;;;;;;
22/12/2016;08:22;12:30;13:30;17:30;;;;;;;;
23/12/2016;08:16;14:00;15:00;16:43;;;;;;;;
24/12/2016;00:00;00:00;;;;;;;;;;
25/12/2016;00:00;00:00;;;;;;;;;;
26/12/2016;08:22;12:15;13:15;17:36;;;;;;;;
27/12/2016;08:20;12:16;13:20;17:32;;;;;;;;
28/12/2016;08:54;13:54;14:51;18:09;;;;;;;;
29/12/2016;08:05;12:39;13:39;17:13;;;;;;;;
30/12/2016;00:00;00:00;;;;;;;;;;
31/12/2016;00:00;00:00;;;;;;;;;;
01/01/2017;00:00;00:00;;;;;;;;;;
02/01/2017;08:30;12:10;13:11;17:41;;;;;;;;
03/01/2017;08:29;12:08;13:08;17:37;;;;;;;;
04/01/2017;08:23;13:02;13:58;17:37;;;;;;;;
05/01/2017;08:41;12:44;13:37;18:21;;;;;;;;
07/01/2017;00:00;00:00;;;;;;;;;;
08/01/2017;00:00;00:00;;;;;;;;;;
09/01/2017;07:49;12:03;13:05;17:17;;;;;;;;
10/01/2017;08:23;12:33;13:27;17:41;;;;;;;;
11/01/2017;08:59;12:52;13:52;18:29;;;;;;;;
12/01/2017;08:19;12:47;14:15;18:43;;;;;;;;
13/01/2017;09:16;12:52;14:18;18:41;;;;;;;;
14/01/2017;00:00;00:00;;;;;;;;;;
15/01/2017;00:00;00:00;;;;;;;;;;
16/01/2017;08:15;13:16;14:21;19:20;;;;;;;;
17/01/2017;08:33;13:14;14:15;18:22;;;;;;;;
18/01/2017;08:53;13:24;14:28;18:31;;;;;;;;
19/01/2017;08:36;13:28;14:32;18:50;;;;;;;;
20/01/2017;09:03;13:22;14:25;18:49;;;;;;;;
21/01/2017;00:00;00:00;;;;;;;;;;
22/01/2017;00:00;00:00;;;;;;;;;;
23/01/2017;07:18;13:22;14:26;20:03;;;;;;;;
24/01/2017;08:40;13:22;14:22;18:28;;;;;;;;
27/01/2017;08:22;13:19;14:23;17:55;;;;;;;;
28/01/2017;00:00;00:00;;;;;;;;;;
29/01/2017;00:00;00:00;;;;;;;;;;
01/02/2017;07:56;13:21;14:21;18:24;;;;;;;;
02/02/2017;08:49;10:00;;;;;;;;;;
03/02/2017;00:00;00:00;;;;;;;;;;
04/02/2017;00:00;00:00;;;;;;;;;;
05/02/2017;00:00;00:00;;;;;;;;;;
06/02/2017;00:00;00:00;;;;;;;;;;
07/02/2017;00:00;00:00;;;;;;;;;;
08/02/2017;07:01;13:37;14:34;16:04;;;;;;;;
09/02/2017;07:01;12:50;13:52;18:03;;;;;;;;
10/02/2017;07:16;13:21;14:22;18:23;;;;;;;;
11/02/2017;00:00;00:00;;;;;;;;;;
12/02/2017;00:00;00:00;;;;;;;;;;
13/02/2017;07:14;13:01;14:02;16:13;;;;;;;;
14/02/2017;08:06;13:03;14:03;18:06;;;;;;;;
16/02/2017;08:05;12:00;13:17;17:22;;;;;;;;
17/02/2017;07:47;15:23;16:51;17:38;;;;;;;;
18/02/2017;00:00;00:00;;;;;;;;;;
19/02/2017;00:00;00:00;;;;;;;;;;
20/02/2017;08:31;12:35;13:46;17:34;;;;;;;;
22/02/2017;08:20;12:32;13:34;17:35;;;;;;;;
25/02/2017;00:00;00:00;;;;;;;;;;
26/02/2017;00:00;00:00;;;;;;;;;;
27/02/2017;00:00;00:00;;;;;;;;;;
28/02/2017;00:00;00:00;;;;;;;;;;
01/03/2017;11:51;18:35;;;;;;;;;;
02/03/2017;07:57;12:26;13:26;17:44;;;;;;;;
03/03/2017;07:55;11:58;13:22;17:45;;;;;;;;
04/03/2017;00:00;00:00;;;;;;;;;;
05/03/2017;00:00;00:00;;;;;;;;;;
06/03/2017;08:03;12:14;14:24;19:55;;;;;;;;
07/03/2017;08:01;12:10;13:10;17:08;;;;;;;;
08/03/2017;07:57;14:03;15:10;17:52;;;;;;;;
10/03/2017;08:19;12:08;13:08;17:34;;;;;;;;
11/03/2017;00:00;00:00;;;;;;;;;;
12/03/2017;00:00;00:00;;;;;;;;;;
13/03/2017;08:08;12:13;13:13;19:24;;;;;;;;
14/03/2017;07:47;12:35;13:36;17:46;;;;;;;;
15/03/2017;08:53;12:55;13:53;18:20;;;;;;;;
16/03/2017;08:18;12:43;13:51;17:47;;;;;;;;
17/03/2017;08:26;12:15;13:24;17:48;;;;;;;;
18/03/2017;00:00;00:00;;;;;;;;;;
19/03/2017;00:00;00:00;;;;;;;;;;
21/03/2017;08:20;12:18;13:20;17:38;;;;;;;;
25/03/2017;00:00;00:00;;;;;;;;;;
26/03/2017;00:00;00:00;;;;;;;;;;
28/03/2017;08:13;12:27;13:29;17:27;;;;;;;;
31/03/2017;08:29;12:13;13:19;17:29;;;;;;;;
01/04/2017;00:00;00:00;;;;;;;;;;
02/04/2017;00:00;00:00;;;;;;;;;;
03/04/2017;08:00;12:44;13:45;18:51;;;;;;;;
04/04/2017;08:14;12:06;13:16;17:53;;;;;;;;
06/04/2017;08:33;13:15;14:25;19:31;;;;;;;;
08/04/2017;00:00;00:00;;;;;;;;;;
09/04/2017;00:00;00:00;;;;;;;;;;
10/04/2017;07:36;13:13;14:14;19:21;;;;;;;;
13/04/2017;08:59;12:14;13:14;18:33;;;;;;;;
14/04/2017;00:00;00:00;;;;;;;;;;
15/04/2017;00:00;00:00;;;;;;;;;;
16/04/2017;00:00;00:00;;;;;;;;;;
18/04/2017;07:59;12:06;13:07;17:51;;;;;;;;
20/04/2017;07:56;12:38;13:38;18:15;;;;;;;;
21/04/2017;00:00;00:00;;;;;;;;;;
22/04/2017;00:00;00:00;;;;;;;;;;
23/04/2017;00:00;00:00;;;;;;;;;;
25/04/2017;08:20;12:47;13:51;18:05;;;;;;;;
26/04/2017;08:21;12:42;13:53;19:32;;;;;;;;
29/04/2017;00:00;00:00;;;;;;;;;;
30/04/2017;00:00;00:00;;;;;;;;;;
01/05/2017;00:00;00:00;;;;;;;;;;
02/05/2017;08:52;12:16;13:15;18:02;;;;;;;;
03/05/2017;08:34;12:34;13:27;18:08;;;;;;;;
04/05/2017;06:55;12:34;13:48;20:04;;;;;;;;
05/05/2017;08:23;12:25;13:29;18:31;;;;;;;;
06/05/2017;00:00;00:00;;;;;;;;;;
07/05/2017;00:00;00:00;;;;;;;;;;
11/05/2017;09:03;12:42;13:42;21:30;;;;;;;;
12/05/2017;08:39;12:15;13:38;18:29;;;;;;;;
13/05/2017;00:00;00:00;;;;;;;;;;
14/05/2017;00:00;00:00;;;;;;;;;;
16/05/2017;08:08;12:59;14:05;17:53;;;;;;;;
17/05/2017;08:16;13:43;14:50;17:43;;;;;;;;
18/05/2017;07:10;12:37;13:37;18:50;;;;;;;;
19/05/2017;09:15;12:35;13:34;18:42;;;;;;;;
20/05/2017;00:00;00:00;;;;;;;;;;
21/05/2017;00:00;00:00;;;;;;;;;;
22/05/2017;08:49;12:36;13:36;18:04;;;;;;;;
23/05/2017;08:17;12:39;13:31;17:33;;;;;;;;
24/05/2017;08:59;13:19;14:31;18:25;;;;;;;;
27/05/2017;00:00;00:00;;;;;;;;;;
28/05/2017;00:00;00:00;;;;;;;;;;
01/06/2017;08:13;13:26;14:30;17:59;;;;;;;;
02/06/2017;08:43;12:17;13:27;19:06;;;;;;;;
03/06/2017;00:00;00:00;;;;;;;;;;
04/06/2017;00:00;00:00;;;;;;;;;;
05/06/2017;08:16;13:10;14:14;17:11;;;;;;;;
06/06/2017;08:16;13:16;14:45;19:01;;;;;;;;
07/06/2017;08:51;12:06;13:10;18:16;;;;;;;;
08/06/2017;07:00;12:26;13:40;16:36;;;;;;;;
10/06/2017;00:00;00:00;;;;;;;;;;
11/06/2017;00:00;00:00;;;;;;;;;;
12/06/2017;08:52;12:42;13:52;17:53;;;;;;;;
13/06/2017;00:00;00:00;;;;;;;;;;
14/06/2017;08:35;13:41;14:50;18:34;;;;;;;;
15/06/2017;00:00;00:00;;;;;;;;;;
16/06/2017;07:37;13:43;14:46;18:25;;;;;;;;
17/06/2017;00:00;00:00;;;;;;;;;;
18/06/2017;00:00;00:00;;;;;;;;;;
19/06/2017;07:31;12:24;13:30;17:40;;;;;;;;
20/06/2017;07:34;12:37;13:45;18:10;;;;;;;;
21/06/2017;07:57;12:33;13:40;17:54;;;;;;;;
22/06/2017;06:59;12:36;13:40;16:09;;;;;;;;
23/06/2017;09:11;12:24;13:30;18:52;;;;;;;;
24/06/2017;00:00;00:00;;;;;;;;;;
25/06/2017;00:00;00:00;;;;;;;;;;
01/07/2017;00:00;00:00;;;;;;;;;;
02/07/2017;00:00;00:00;;;;;;;;;;
03/07/2017;07:31;12:46;14:03;17:55;;;;;;;;
04/07/2017;08:17;12:38;13:41;18:18;;;;;;;;
06/07/2017;07:02;13:06;14:03;16:23;;;;;;;;
07/07/2017;08:58;12:59;14:08;18:04;;;;;;;;
08/07/2017;00:00;00:00;;;;;;;;;;
09/07/2017;00:00;00:00;;;;;;;;;;
10/07/2017;08:38;13:03;14:07;19:16;;;;;;;;
15/07/2017;00:00;00:00;;;;;;;;;;
16/07/2017;00:00;00:00;;;;;;;;;;
18/07/2017;08:16;12:22;13:24;17:56;;;;;;;;
19/07/2017;08:21;12:41;13:45;18:01;;;;;;;;
21/07/2017;08:01;12:31;13:40;17:45;;;;;;;;
22/07/2017;00:00;00:00;;;;;;;;;;
23/07/2017;00:00;00:00;;;;;;;;;;
26/07/2017;08:54;12:29;13:38;18:20;;;;;;;;
29/07/2017;00:00;00:00;;;;;;;;;;
30/07/2017;00:00;00:00;;;;;;;;;;
31/07/2017;08:11;12:49;13:52;18:14;;;;;;;;
01/08/2017;08:30;13:03;14:25;18:18;;;;;;;;
02/08/2017;08:04;12:01;13:19;18:28;;;;;;;;
03/08/2017;07:05;12:12;13:26;20:03;;;;;;;;
04/08/2017;07:58;12:31;13:32;17:58;;;;;;;;
05/08/2017;00:00;00:00;;;;;;;;;;
06/08/2017;00:00;00:00;;;;;;;;;;
07/08/2017;06:58;12:26;13:26;18:52;;;;;;;;
08/08/2017;07:38;11:54;13:28;17:20;;;;;;;;
09/08/2017;07:50;12:00;13:00;17:00;;;;;;;;
12/08/2017;00:00;00:00;;;;;;;;;;
13/08/2017;00:00;00:00;;;;;;;;;;
14/08/2017;08:35;13:29;14:35;18:10;;;;;;;;
15/08/2017;08:26;12:50;13:54;18:12;;;;;;;;
16/08/2017;07:44;12:35;13:55;18:15;;;;;;;;
18/08/2017;09:03;12:34;13:34;18:15;;;;;;;;
19/08/2017;00:00;00:00;;;;;;;;;;
20/08/2017;00:00;00:00;;;;;;;;;;
21/08/2017;08:23;12:42;13:43;17:21;;;;;;;;
22/08/2017;08:00;12:27;14:02;17:46;;;;;;;;
25/08/2017;00:00;00:00;;;;;;;;;;
26/08/2017;00:00;00:00;;;;;;;;;;
27/08/2017;00:00;00:00;;;;;;;;;;
01/09/2017;09:07;12:56;13:56;18:10;;;;;;;;
02/09/2017;00:00;00:00;;;;;;;;;;
03/09/2017;00:00;00:00;;;;;;;;;;
04/09/2017;00:00;00:00;;;;;;;;;;
05/09/2017;00:00;00:00;;;;;;;;;;
06/09/2017;00:00;00:00;;;;;;;;;;
07/09/2017;00:00;00:00;;;;;;;;;;
08/09/2017;00:00;00:00;;;;;;;;;;
09/09/2017;00:00;00:00;;;;;;;;;;
10/09/2017;00:00;00:00;;;;;;;;;;
11/09/2017;00:00;00:00;;;;;;;;;;
12/09/2017;00:00;00:00;;;;;;;;;;
13/09/2017;00:00;00:00;;;;;;;;;;
14/09/2017;00:00;00:00;;;;;;;;;;
15/09/2017;00:00;00:00;;;;;;;;;;
16/09/2017;00:00;00:00;;;;;;;;;;
17/09/2017;00:00;00:00;;;;;;;;;;
18/09/2017;00:00;00:00;;;;;;;;;;
19/09/2017;00:00;00:00;;;;;;;;;;
20/09/2017;00:00;00:00;;;;;;;;;;
21/09/2017;00:00;00:00;;;;;;;;;;
22/09/2017;00:00;00:00;;;;;;;;;;
23/09/2017;00:00;00:00;;;;;;;;;;
24/09/2017;00:00;00:00;;;;;;;;;;
25/09/2017;00:00;00:00;;;;;;;;;;
26/09/2017;00:00;00:00;;;;;;;;;;
27/09/2017;00:00;00:00;;;;;;;;;;
28/09/2017;00:00;00:00;;;;;;;;;;
29/09/2017;00:00;00:00;;;;;;;;;;
30/09/2017;00:00;00:00;;;;;;;;;;
01/10/2017;00:00;00:00;;;;;;;;;;
02/10/2017;00:00;00:00;;;;;;;;;;
03/10/2017;00:00;00:00;;;;;;;;;;
04/10/2017;07:52;13:00;14:01;17:37;;;;;;;;
05/10/2017;07:58;12:12;13:26;17:45;;;;;;;;
06/10/2017;07:58;12:41;14:06;17:20;;;;;;;;
07/10/2017;00:00;00:00;;;;;;;;;;
08/10/2017;00:00;00:00;;;;;;;;;;
09/10/2017;07:59;12:34;13:35;18:03;;;;;;;;
10/10/2017;07:55;12:26;14:15;18:45;;;;;;;;
11/10/2017;08:31;12:38;14:29;19:38;;;;;;;;
12/10/2017;00:00;00:00;;;;;;;;;;
14/10/2017;00:00;00:00;;;;;;;;;;
15/10/2017;00:00;00:00;;;;;;;;;;
19/10/2017;07:53;13:15;14:15;18:06;;;;;;;;
20/10/2017;08:08;12:03;13:52;18:09;;;;;;;;
21/10/2017;00:00;00:00;;;;;;;;;;
22/10/2017;00:00;00:00;;;;;;;;;;
23/10/2017;11:26;13:10;14:12;18:44;;;;;;;;
24/10/2017;08:04;12:13;14:09;18:14;;;;;;;;
25/10/2017;10:08;13:04;14:03;19:06;;;;;;;;
26/10/2017;08:20;12:02;13:56;19:13;;;;;;;;
27/10/2017;08:37;12:52;14:43;18:29;;;;;;;;
28/10/2017;00:00;00:00;;;;;;;;;;
29/10/2017;00:00;00:00;;;;;;;;;;
30/10/2017;08:07;12:40;13:40;17:42;;;;;;;;
02/11/2017;00:00;00:00;;;;;;;;;;
04/11/2017;00:00;00:00;;;;;;;;;;
05/11/2017;00:00;00:00;;;;;;;;;;
06/11/2017;08:53;13:07;14:08;18:03;;;;;;;;
07/11/2017;09:37;12:49;13:50;18:45;;;;;;;;
08/11/2017;08:41;12:43;14:38;19:24;;;;;;;;
09/11/2017;07:36;13:18;14:18;17:34;;;;;;;;
10/11/2017;09:24;12:48;13:48;18:38;;;;;;;;
11/11/2017;00:00;00:00;;;;;;;;;;
12/11/2017;00:00;00:00;;;;;;;;;;
15/11/2017;00:00;00:00;;;;;;;;;;
16/11/2017;08:17;13:30;14:40;19:21;;;;;;;;
17/11/2017;08:22;13:10;14:15;19:02;;;;;;;;
18/11/2017;00:00;00:00;;;;;;;;;;
19/11/2017;00:00;00:00;;;;;;;;;;
21/11/2017;08:13;11:57;13:54;18:20;;;;;;;;
22/11/2017;08:45;13:01;14:01;18:01;;;;;;;;
23/11/2017;07:09;12:25;13:24;18:46;;;;;;;;
25/11/2017;00:00;00:00;;;;;;;;;;
26/11/2017;00:00;00:00;;;;;;;;;;
27/11/2017;08:28;11:08;16:16;18:33;;;;;;;;
28/11/2017;08:07;12:10;14:10;18:13;;;;;;;;
01/12/2017;08:24;12:10;13:52;18:08;;;;;;;;
02/12/2017;00:00;00:00;;;;;;;;;;
03/12/2017;00:00;00:00;;;;;;;;;;
04/12/2017;08:33;11:46;13:46;18:52;;;;;;;;
06/12/2017;00:00;00:00;;;;;;;;;;
07/12/2017;00:00;00:00;;;;;;;;;;
09/12/2017;00:00;00:00;;;;;;;;;;
10/12/2017;00:00;00:00;;;;;;;;;;
11/12/2017;08:30;12:25;13:25;18:03;;;;;;;;
12/12/2017;10:15;12:30;13:34;19:16;;;;;;;;
13/12/2017;09:10;12:44;13:46;18:10;;;;;;;;
14/12/2017;09:35;12:45;13:47;18:53;;;;;;;;
15/12/2017;08:45;12:05;13:06;18:17;;;;;;;;
16/12/2017;00:00;00:00;;;;;;;;;;
17/12/2017;00:00;00:00;;;;;;;;;;
18/12/2017;08:45;12:11;12:25;18:16;;;;;;;;
19/12/2017;08:10;13:00;15:00;19:07;;;;;;;;
20/12/2017;08:30;12:45;13:47;18:25;;;;;;;;
22/12/2017;08:19;11:57;13:19;17:43;;;;;;;;
23/12/2017;00:00;00:00;;;;;;;;;;
24/12/2017;00:00;00:00;;;;;;;;;;
25/12/2017;00:00;00:00;;;;;;;;;;
29/12/2017;00:00;00:00;;;;;;;;;;
30/12/2017;00:00;00:00;;;;;;;;;;
31/12/2017;00:00;00:00;;;;;;;;;;
01/01/2018;00:00;00:00;;;;;;;;;;
02/01/2018;08:21;11:47;12:51;17:30;;;;;;;;
03/01/2018;08:17;11:55;13:50;18:16;;;;;;;;
04/01/2018;08:38;12:08;13:53;19:04;;;;;;;;
05/01/2018;08:36;12:55;13:55;18:01;;;;;;;;
06/01/2018;00:00;00:00;;;;;;;;;;
07/01/2018;00:00;00:00;;;;;;;;;;
08/01/2018;09:16;12:27;13:27;18:55;;;;;;;;
09/01/2018;08:13;12:07;13:07;17:48;;;;;;;;
10/01/2018;08:41;11:46;13:40;19:13;;;;;;;;
13/01/2018;00:00;00:00;;;;;;;;;;
14/01/2018;00:00;00:00;;;;;;;;;;
16/01/2018;07:40;11:47;13:44;18:25;;;;;;;;
17/01/2018;07:58;12:41;14:44;18:42;;;;;;;;
19/01/2018;08:07;11:48;13:37;18:30;;;;;;;;
20/01/2018;00:00;00:00;;;;;;;;;;
21/01/2018;00:00;00:00;;;;;;;;;;
22/01/2018;08:05;12:20;14:18;18:16;;;;;;;;
23/01/2018;08:11;11:46;13:37;18:44;;;;;;;;
25/01/2018;08:13;11:47;13:40;18:36;;;;;;;;
26/01/2018;07:52;12:46;14:20;18:17;;;;;;;;
27/01/2018;00:00;00:00;;;;;;;;;;
28/01/2018;00:00;00:00;;;;;;;;;;
01/02/2018;07:38;11:41;13:41;18:34;;;;;;;;
03/02/2018;00:00;00:00;;;;;;;;;;
04/02/2018;00:00;00:00;;;;;;;;;;
05/02/2018;09:56;12:58;13:58;19:51;;;;;;;;
06/02/2018;14:16;20:31;;;;;;;;;;
08/02/2018;07:36;12:48;14:56;18:10;;;;;;;;
10/02/2018;00:00;00:00;;;;;;;;;;
11/02/2018;00:00;00:00;;;;;;;;;;
12/02/2018;00:00;00:00;;;;;;;;;;
13/02/2018;00:00;00:00;;;;;;;;;;
14/02/2018;11:50;18:51;;;;;;;;;;
15/02/2018;07:58;16:51;18:32;20:12;;;;;;;;
16/02/2018;08:04;12:26;13:29;18:08;;;;;;;;
17/02/2018;00:00;00:00;;;;;;;;;;
18/02/2018;00:00;00:00;;;;;;;;;;
19/02/2018;08:03;11:56;13:04;18:02;;;;;;;;
20/02/2018;08:38;11:51;13:31;18:42;;;;;;;;
21/02/2018;08:16;12:47;14:11;18:11;;;;;;;;
22/02/2018;07:10;12:09;13:08;20:03;;;;;;;;
24/02/2018;00:00;00:00;;;;;;;;;;
25/02/2018;00:00;00:00;;;;;;;;;;
26/02/2018;08:14;11:39;13:39;18:49;;;;;;;;
28/02/2018;08:21;12:03;13:03;18:07;;;;;;;;
01/03/2018;07:06;12:07;13:16;20:00;;;;;;;;
03/03/2018;00:00;00:00;;;;;;;;;;
04/03/2018;00:00;00:00;;;;;;;;;;
05/03/2018;08:19;11:52;13:40;18:33;;;;;;;;
06/03/2018;08:22;11:46;13:45;18:25;;;;;;;;
07/03/2018;08:36;12:25;14:16;18:41;;;;;;;;
08/03/2018;07:44;11:54;13:53;20:09;;;;;;;;
09/03/2018;07:07;12:30;13:58;18:11;;;;;;;;
10/03/2018;00:00;00:00;;;;;;;;;;
11/03/2018;00:00;00:00;;;;;;;;;;
12/03/2018;08:10;11:56;13:56;18:15;;;;;;;;
14/03/2018;08:30;12:01;13:55;18:40;;;;;;;;
15/03/2018;08:10;11:49;13:38;20:24;;;;;;;;
16/03/2018;08:30;12:13;14:14;18:23;;;;;;;;
17/03/2018;00:00;00:00;;;;;;;;;;
18/03/2018;00:00;00:00;;;;;;;;;;
19/03/2018;08:29;12:39;14:16;19:37;;;;;;;;
20/03/2018;08:27;11:49;13:44;18:54;;;;;;;;
21/03/2018;08:44;12:05;14:05;18:51;;;;;;;;
22/03/2018;08:01;11:43;13:38;20:07;;;;;;;;
23/03/2018;08:57;12:12;13:12;18:27;;;;;;;;
24/03/2018;00:00;00:00;;;;;;;;;;
25/03/2018;00:00;00:00;;;;;;;;;;
26/03/2018;08:10;11:50;13:50;18:15;;;;;;;;
27/03/2018;08:20;11:59;13:58;18:34;;;;;;;;
30/03/2018;00:00;00:00;;;;;;;;;;
31/03/2018;00:00;00:00;;;;;;;;;;
01/04/2018;00:00;00:00;;;;;;;;;;
02/04/2018;09:20;14:13;15:24;18:45;;;;;;;;
03/04/2018;08:05;12:57;14:57;18:20;;;;;;;;
04/04/2018;08:11;12:44;14:26;18:40;;;;;;;;
05/04/2018;08:03;11:45;13:48;19:53;;;;;;;;
06/04/2018;08:31;13:45;14:46;17:55;;;;;;;;
07/04/2018;00:00;00:00;;;;;;;;;;
08/04/2018;00:00;00:00;;;;;;;;;;
10/04/2018;08:18;12:00;13:49;18:21;;;;;;;;
11/04/2018;08:13;12:08;13:59;18:12;;;;;;;;
12/04/2018;07:35;12:46;14:50;19:42;;;;;;;;
13/04/2018;08:11;12:27;14:05;18:22;;;;;;;;
14/04/2018;00:00;00:00;;;;;;;;;;
15/04/2018;00:00;00:00;;;;;;;;;;
16/04/2018;08:15;12:42;14:42;18:47;;;;;;;;
17/04/2018;08:00;11:57;13:48;18:04;;;;;;;;
18/04/2018;08:18;13:34;14:40;18:15;;;;;;;;
19/04/2018;08:27;14:37;15:39;20:10;;;;;;;;
21/04/2018;00:00;00:00;;;;;;;;;;
22/04/2018;00:00;00:00;;;;;;;;;;
24/04/2018;08:44;14:29;15:41;20:37;;;;;;;;
25/04/2018;08:31;14:13;15:15;20:00;;;;;;;;
26/04/2018;07:35;14:10;15:34;20:12;;;;;;;;
28/04/2018;00:00;00:00;;;;;;;;;;
29/04/2018;00:00;00:00;;;;;;;;;;
30/04/2018;08:14;13:50;14:56;17:29;;;;;;;;
01/05/2018;00:00;00:00;;;;;;;;;;
02/05/2018;09:02;12:36;13:33;18:12;;;;;;;;
03/05/2018;07:38;12:41;14:33;20:24;;;;;;;;
04/05/2018;07:30;12:58;14:41;17:53;;;;;;;;
05/05/2018;00:00;00:00;;;;;;;;;;
06/05/2018;00:00;00:00;;;;;;;;;;
07/05/2018;09:09;13:08;14:13;18:58;;;;;;;;
08/05/2018;08:17;12:46;14:43;18:52;;;;;;;;
09/05/2018;08:39;13:34;14:43;18:59;;;;;;;;
10/05/2018;07:26;12:41;14:35;20:21;;;;;;;;
11/05/2018;08:17;14:26;15:26;18:10;;;;;;;;
12/05/2018;00:00;00:00;;;;;;;;;;
13/05/2018;00:00;00:00;;;;;;;;;;
14/05/2018;08:42;13:33;14:40;18:06;;;;;;;;
15/05/2018;08:15;12:43;14:46;18:30;;;;;;;;
16/05/2018;08:30;12:01;13:44;19:08;;;;;;;;
18/05/2018;07:56;13:20;14:24;17:27;;;;;;;;
19/05/2018;00:00;00:00;;;;;;;;;;
20/05/2018;00:00;00:00;;;;;;;;;;
21/05/2018;08:18;13:37;14:33;18:10;;;;;;;;
22/05/2018;08:38;13:52;14:53;19:25;;;;;;;;
23/05/2018;08:34;12:51;14:34;19:18;;;;;;;;
24/05/2018;08:16;13:31;14:30;19:11;;;;;;;;
25/05/2018;08:15;15:16;16:18;18:34;;;;;;;;
26/05/2018;00:00;00:00;;;;;;;;;;
27/05/2018;00:00;00:00;;;;;;;;;;
28/05/2018;08:17;11:47;13:44;18:17;;;;;;;;
30/05/2018;08:02;13:02;14:16;19:05;;;;;;;;
31/05/2018;00:00;00:00;;;;;;;;;;
01/06/2018;00:00;00:00;;;;;;;;;;
02/06/2018;00:00;00:00;;;;;;;;;;
03/06/2018;00:00;00:00;;;;;;;;;;
04/06/2018;08:36;11:56;13:46;18:50;;;;;;;;
06/06/2018;08:38;11:49;13:49;19:13;;;;;;;;
07/06/2018;07:58;11:53;13:46;19:16;;;;;;;;
08/06/2018;08:29;12:44;14:45;18:31;;;;;;;;
09/06/2018;00:00;00:00;;;;;;;;;;
10/06/2018;00:00;00:00;;;;;;;;;;
12/06/2018;08:32;11:53;13:58;18:34;;;;;;;;
13/06/2018;00:00;00:00;;;;;;;;;;
14/06/2018;07:45;11:55;14:00;18:38;;;;;;;;
15/06/2018;08:16;12:35;14:25;19:10;;;;;;;;
16/06/2018;00:00;00:00;;;;;;;;;;
17/06/2018;00:00;00:00;;;;;;;;;;
18/06/2018;10:43;13:50;14:41;20:31;;;;;;;;
19/06/2018;07:57;12:45;14:42;19:11;;;;;;;;
20/06/2018;08:07;12:51;14:55;18:08;;;;;;;;
21/06/2018;07:15;12:46;14:44;19:15;;;;;;;;
22/06/2018;11:50;18:52;;;;;;;;;;
23/06/2018;00:00;00:00;;;;;;;;;;
24/06/2018;00:00;00:00;;;;;;;;;;
25/06/2018;08:56;12:47;13:46;20:28;;;;;;;;
26/06/2018;08:12;13:07;14:10;19:07;;;;;;;;
27/06/2018;07:35;12:52;;;;;;;;;;
28/06/2018;07:19;12:41;13:51;19:12;;;;;;;;
29/06/2018;08:47;13:05;14:04;20:04;;;;;;;;
30/06/2018;00:00;00:00;;;;;;;;;;
01/07/2018;00:00;00:00;;;;;;;;;;
02/07/2018;14:21;18:29;;;;;;;;;;
04/07/2018;07:42;13:08;14:18;18:14;;;;;;;;
05/07/2018;07:28;13:41;14:51;19:42;;;;;;;;
06/07/2018;07:09;12:01;;;;;;;;;;
07/07/2018;00:00;00:00;;;;;;;;;;
08/07/2018;00:00;00:00;;;;;;;;;;
09/07/2018;00:00;00:00;;;;;;;;;;
10/07/2018;08:06;13:35;14:59;18:59;;;;;;;;
11/07/2018;08:26;13:09;13:51;18:30;;;;;;;;
12/07/2018;07:50;12:48;13:48;19:57;;;;;;;;
14/07/2018;00:00;00:00;;;;;;;;;;
15/07/2018;00:00;00:00;;;;;;;;;;
16/07/2018;08:38;12:00;13:50;19:47;;;;;;;;
18/07/2018;08:32;11:51;13:47;18:55;;;;;;;;
19/07/2018;07:29;11:48;13:31;20:04;;;;;;;;
20/07/2018;08:37;12:25;13:30;18:23;;;;;;;;
21/07/2018;00:00;00:00;;;;;;;;;;
22/07/2018;00:00;00:00;;;;;;;;;;
26/07/2018;07:51;11:46;13:44;18:58;;;;;;;;
27/07/2018;08:49;14:00;15:11;18:14;;;;;;;;
28/07/2018;00:00;00:00;;;;;;;;;;
29/07/2018;00:00;00:00;;;;;;;;;;
30/07/2018;08:29;11:50;13:33;18:48;;;;;;;;
31/07/2018;08:44;11:55;13:48;18:44;;;;;;;;
02/08/2018;07:25;11:50;13:51;19:11;;;;;;;;
03/08/2018;08:07;12:21;13:17;17:39;;;;;;;;
04/08/2018;00:00;00:00;;;;;;;;;;
05/08/2018;00:00;00:00;;;;;;;;;;
06/08/2018;08:53;11:55;13:49;18:44;;;;;;;;
07/08/2018;08:23;11:47;13:45;18:23;;;;;;;;
09/08/2018;07:22;11:48;13:45;18:32;;;;;;;;
11/08/2018;00:00;00:00;;;;;;;;;;
12/08/2018;00:00;00:00;;;;;;;;;;
13/08/2018;08:50;12:54;14:43;19:01;;;;;;;;
14/08/2018;08:05;12:43;14:44;18:27;;;;;;;;
15/08/2018;09:55;13:37;14:36;18:50;;;;;;;;
16/08/2018;07:04;11:48;13:45;19:49;;;;;;;;
17/08/2018;08:42;11:47;13:56;18:43;;;;;;;;
18/08/2018;00:00;00:00;;;;;;;;;;
19/08/2018;00:00;00:00;;;;;;;;;;
20/08/2018;08:11;11:54;13:44;18:45;;;;;;;;
21/08/2018;07:55;12:54;14:45;18:13;;;;;;;;
22/08/2018;08:22;11:44;13:40;19:30;;;;;;;;
23/08/2018;11:23;15:34;16:19;20:24;;;;;;;;
24/08/2018;08:19;11:49;13:42;18:34;;;;;;;;
25/08/2018;00:00;00:00;;;;;;;;;;
26/08/2018;00:00;00:00;;;;;;;;;;
27/08/2018;12:37;20:53;;;;;;;;;;
28/08/2018;08:23;11:52;13:50;20:35;;;;;;;;
29/08/2018;08:25;12:49;14:40;19:27;;;;;;;;
30/08/2018;07:12;12:46;14:35;19:10;;;;;;;;
31/08/2018;07:48;11:46;13:48;18:21;;;;;;;;
01/09/2018;00:00;00:00;;;;;;;;;;
02/09/2018;00:00;00:00;;;;;;;;;;
03/09/2018;08:15;11:47;13:50;19:31;;;;;;;;
04/09/2018;07:53;12:53;14:53;19:35;;;;;;;;
05/09/2018;08:29;12:49;14:48;18:20;;;;;;;;
06/09/2018;07:25;12:56;14:55;20:51;;;;;;;;
07/09/2018;00:00;00:00;;;;;;;;;;
08/09/2018;00:00;00:00;;;;;;;;;;
09/09/2018;00:00;00:00;;;;;;;;;;
10/09/2018;00:00;00:00;;;;;;;;;;
11/09/2018;00:00;00:00;;;;;;;;;;
12/09/2018;00:00;00:00;;;;;;;;;;
13/09/2018;00:00;00:00;;;;;;;;;;
14/09/2018;00:00;00:00;;;;;;;;;;
15/09/2018;00:00;00:00;;;;;;;;;;
16/09/2018;00:00;00:00;;;;;;;;;;
17/09/2018;00:00;00:00;;;;;;;;;;
18/09/2018;00:00;00:00;;;;;;;;;;
19/09/2018;00:00;00:00;;;;;;;;;;
20/09/2018;00:00;00:00;;;;;;;;;;
21/09/2018;00:00;00:00;;;;;;;;;;
22/09/2018;00:00;00:00;;;;;;;;;;
23/09/2018;00:00;00:00;;;;;;;;;;
24/09/2018;00:00;00:00;;;;;;;;;;
25/09/2018;00:00;00:00;;;;;;;;;;
26/09/2018;00:00;00:00;;;;;;;;;;
27/09/2018;00:00;00:00;;;;;;;;;;
28/09/2018;00:00;00:00;;;;;;;;;;
29/09/2018;00:00;00:00;;;;;;;;;;
30/09/2018;00:00;00:00;;;;;;;;;;
01/10/2018;00:00;00:00;;;;;;;;;;
02/10/2018;00:00;00:00;;;;;;;;;;
03/10/2018;00:00;00:00;;;;;;;;;;
04/10/2018;00:00;00:00;;;;;;;;;;
05/10/2018;00:00;00:00;;;;;;;;;;
06/10/2018;00:00;00:00;;;;;;;;;;
07/10/2018;00:00;00:00;;;;;;;;;;
08/10/2018;00:00;00:00;;;;;;;;;;
09/10/2018;00:00;00:00;;;;;;;;;;
10/10/2018;08:09;13:33;14:34;17:51;;;;;;;;
11/10/2018;08:01;12:03;13:31;17:27;;;;;;;;
12/10/2018;00:00;00:00;;;;;;;;;;
13/10/2018;00:00;00:00;;;;;;;;;;
14/10/2018;00:00;00:00;;;;;;;;;;
15/10/2018;08:48;12:32;13:45;18:26;;;;;;;;
16/10/2018;08:22;12:54;13:29;18:32;;;;;;;;
18/10/2018;07:43;14:05;15:03;18:51;;;;;;;;
20/10/2018;00:00;00:00;;;;;;;;;;
21/10/2018;00:00;00:00;;;;;;;;;;
22/10/2018;08:38;11:45;13:32;18:45;;;;;;;;
25/10/2018;08:01;12:43;14:40;19:04;;;;;;;;
27/10/2018;00:00;00:00;;;;;;;;;;
28/10/2018;00:00;00:00;;;;;;;;;;
29/10/2018;08:35;12:40;14:25;18:14;;;;;;;;
01/11/2018;07:17;11:43;13:33;18:00;;;;;;;;
02/11/2018;00:00;00:00;;;;;;;;;;
03/11/2018;00:00;00:00;;;;;;;;;;
04/11/2018;00:00;00:00;;;;;;;;;;
05/11/2018;08:20;12:38;14:01;18:11;;;;;;;;
06/11/2018;08:19;11:41;13:49;18:27;;;;;;;;
07/11/2018;08:33;12:47;14:45;18:39;;;;;;;;
08/11/2018;08:27;12:40;14:39;18:59;;;;;;;;
09/11/2018;08:25;11:42;13:42;18:24;;;;;;;;
10/11/2018;00:00;00:00;;;;;;;;;;
11/11/2018;00:00;00:00;;;;;;;;;;
14/11/2018;08:17;12:44;14:26;18:33;;;;;;;;
15/11/2018;00:00;00:00;;;;;;;;;;
16/11/2018;08:17;12:00;13:03;17:57;;;;;;;;
17/11/2018;00:00;00:00;;;;;;;;;;
18/11/2018;00:00;00:00;;;;;;;;;;
19/11/2018;08:30;12:45;14:41;18:25;;;;;;;;
20/11/2018;08:18;12:40;14:40;19:05;;;;;;;;
21/11/2018;08:22;12:40;14:37;18:23;;;;;;;;
23/11/2018;08:20;11:45;13:41;18:21;;;;;;;;
24/11/2018;00:00;00:00;;;;;;;;;;
25/11/2018;00:00;00:00;;;;;;;;;;
26/11/2018;09:13;12:41;14:29;18:56;;;;;;;;
27/11/2018;08:24;12:45;14:29;18:15;;;;;;;;
28/11/2018;08:19;12:48;14:27;18:44;;;;;;;;
29/11/2018;08:10;12:37;14:28;19:21;;;;;;;;
30/11/2018;08:39;12:27;13:33;18:16;;;;;;;;
01/12/2018;00:00;00:00;;;;;;;;;;
02/12/2018;00:00;00:00;;;;;;;;;;
03/12/2018;08:47;11:45;13:40;18:34;;;;;;;;
05/12/2018;08:30;11:40;13:31;18:23;;;;;;;;
06/12/2018;07:54;11:38;13:36;19:09;;;;;;;;
08/12/2018;00:00;00:00;;;;;;;;;;
09/12/2018;00:00;00:00;;;;;;;;;;
13/12/2018;06:30;12:16;13:46;19:09;;;;;;;;
14/12/2018;07:36;12:18;13:42;17:46;;;;;;;;
15/12/2018;00:00;00:00;;;;;;;;;;
16/12/2018;00:00;00:00;;;;;;;;;;
17/12/2018;07:34;15:14;;;;;;;;;;
18/12/2018;07:38;12:06;13:22;20:47;;;;;;;;
20/12/2018;07:43;13:00;14:20;19:43;;;;;;;;
21/12/2018;08:21;12:38;13:40;18:47;;;;;;;;
22/12/2018;00:00;00:00;;;;;;;;;;
23/12/2018;00:00;00:00;;;;;;;;;;
24/12/2018;00:00;00:00;;;;;;;;;;
25/12/2018;00:00;00:00;;;;;;;;;;
26/12/2018;08:19;13:34;15:24;19:09;;;;;;;;
28/12/2018;09:04;16:58;17:58;18:12;;;;;;;;
29/12/2018;00:00;00:00;;;;;;;;;;
30/12/2018;00:00;00:00;;;;;;;;;;
31/12/2018;00:00;00:00;;;;;;;;;;
01/01/2019;00:00;00:00;;;;;;;;;;
02/01/2019;08:09;13:21;14:25;18:08;;;;;;;;
04/01/2019;08:32;14:01;15:17;18:34;;;;;;;;
05/01/2019;00:00;00:00;;;;;;;;;;
06/01/2019;00:00;00:00;;;;;;;;;;
07/01/2019;08:30;11:45;13:22;18:40;;;;;;;;
08/01/2019;08:12;11:45;13:37;17:59;;;;;;;;
09/01/2019;07:12;12:03;13:05;19:40;;;;;;;;
10/01/2019;08:30;12:45;14:26;18:05;;;;;;;;
11/01/2019;09:10;12:41;14:03;18:39;;;;;;;;
12/01/2019;00:00;00:00;;;;;;;;;;
13/01/2019;00:00;00:00;;;;;;;;;;
16/01/2019;07:10;13:13;14:15;17:43;;;;;;;;
17/01/2019;08:01;11:46;13:46;17:59;;;;;;;;
19/01/2019;00:00;00:00;;;;;;;;;;
20/01/2019;00:00;00:00;;;;;;;;;;
21/01/2019;07:13;11:57;13:00;17:06;;;;;;;;
22/01/2019;08:15;12:46;14:25;18:47;;;;;;;;
23/01/2019;08:21;14:00;15:02;18:48;;;;;;;;
25/01/2019;08:44;13:43;14:15;18:14;;;;;;;;
26/01/2019;00:00;00:00;;;;;;;;;;
27/01/2019;00:00;00:00;;;;;;;;;;
28/01/2019;08:06;12:10;13:22;18:10;;;;;;;;
30/01/2019;07:15;11:29;13:24;20:07;;;;;;;;
31/01/2019;08:33;14:21;15:22;18:05;;;;;;;;
02/02/2019;00:00;00:00;;;;;;;;;;
03/02/2019;00:00;00:00;;;;;;;;;;
05/02/2019;10:35;14:21;15:21;19:41;;;;;;;;
06/02/2019;07:21;13:00;14:16;18:37;;;;;;;;
08/02/2019;09:02;12:31;14:28;19:09;;;;;;;;
09/02/2019;00:00;00:00;;;;;;;;;;
10/02/2019;00:00;00:00;;;;;;;;;;
11/02/2019;08:33;14:27;;;;;;;;;;
12/02/2019;07:44;13:57;15:11;19:36;;;;;;;;
14/02/2019;08:19;12:14;13:55;18:42;;;;;;;;
15/02/2019;08:44;13:57;14:38;18:06;;;;;;;;
16/02/2019;00:00;00:00;;;;;;;;;;
17/02/2019;00:00;00:00;;;;;;;;;;
18/02/2019;08:01;12:07;13:04;18:19;;;;;;;;
19/02/2019;08:13;12:00;13:43;18:23;;;;;;;;
20/02/2019;00:00;00:00;;;;;;;;;;
21/02/2019;00:00;00:00;;;;;;;;;;
22/02/2019;00:00;00:00;;;;;;;;;;
23/02/2019;00:00;00:00;;;;;;;;;;
24/02/2019;00:00;00:00;;;;;;;;;;
25/02/2019;00:00;00:00;;;;;;;;;;
26/02/2019;00:00;00:00;;;;;;;;;;
27/02/2019;00:00;00:00;;;;;;;;;;
28/02/2019;00:00;00:00;;;;;;;;;;
01/03/2019;00:00;00:00;;;;;;;;;;
02/03/2019;00:00;00:00;;;;;;;;;;
03/03/2019;00:00;00:00;;;;;;;;;;
04/03/2019;00:00;00:00;;;;;;;;;;
05/03/2019;00:00;00:00;;;;;;;;;;
06/03/2019;11:50;18:50;;;;;;;;;;
07/03/2019;08:06;12:02;12:57;18:06;;;;;;;;
08/03/2019;08:56;13:34;14:27;18:18;;;;;;;;
09/03/2019;00:00;00:00;;;;;;;;;;
10/03/2019;00:00;00:00;;;;;;;;;;
12/03/2019;08:44;12:03;13:13;18:25;;;;;;;;
14/03/2019;08:17;12:37;13:27;18:06;;;;;;;;
15/03/2019;09:30;13:27;14:11;18:12;;;;;;;;
16/03/2019;00:00;00:00;;;;;;;;;;
17/03/2019;00:00;00:00;;;;;;;;;;
18/03/2019;08:51;14:44;;;;;;;;;;
19/03/2019;08:24;12:21;13:18;19:38;;;;;;;;
20/03/2019;07:35;13:59;14:37;19:25;;;;;;;;
21/03/2019;00:00;00:00;;;;;;;;;;
22/03/2019;08:35;12:02;13:48;18:50;;;;;;;;
23/03/2019;00:00;00:00;;;;;;;;;;
24/03/2019;00:00;00:00;;;;;;;;;;
26/03/2019;08:39;14:20;15:21;19:01;;;;;;;;
27/03/2019;07:29;12:15;13:16;18:47;;;;;;;;
28/03/2019;08:22;13:20;14:12;18:05;;;;;;;;
30/03/2019;00:00;00:00;;;;;;;;;;
31/03/2019;00:00;00:00;;;;;;;;;;
01/04/2019;08:36;12:01;13:04;17:45;;;;;;;;
02/04/2019;07:21;12:06;13:06;17:29;;;;;;;;
03/04/2019;07:38;14:19;15:15;17:19;;;;;;;;
04/04/2019;08:03;12:08;13:16;18:14;;;;;;;;
05/04/2019;08:07;17:57;;;;;;;;;;
06/04/2019;00:00;00:00;;;;;;;;;;
07/04/2019;00:00;00:00;;;;;;;;;;
08/04/2019;08:10;15:30;16:38;18:06;;;;;;;;
10/04/2019;07:26;13:40;14:51;19:40;;;;;;;;
11/04/2019;08:14;12:34;13:37;18:48;;;;;;;;
12/04/2019;08:10;11:55;13:22;18:43;;;;;;;;
13/04/2019;00:00;00:00;;;;;;;;;;
14/04/2019;00:00;00:00;;;;;;;;;;
15/04/2019;08:26;12:06;13:17;17:41;;;;;;;;
16/04/2019;08:17;13:48;14:46;18:33;;;;;;;;
17/04/2019;07:40;12:07;13:37;18:26;;;;;;;;
18/04/2019;08:01;12:40;13:27;18:19;;;;;;;;
19/04/2019;00:00;00:00;;;;;;;;;;
20/04/2019;00:00;00:00;;;;;;;;;;
21/04/2019;00:00;00:00;;;;;;;;;;
22/04/2019;07:58;12:00;13:00;18:15;;;;;;;;
23/04/2019;08:15;12:12;13:11;17:54;;;;;;;;
24/04/2019;07:09;13:11;14:12;18:33;;;;;;;;
27/04/2019;00:00;00:00;;;;;;;;;;
28/04/2019;00:00;00:00;;;;;;;;;;
30/04/2019;08:34;12:53;13:58;18:13;;;;;;;;
01/05/2019;00:00;00:00;;;;;;;;;;
03/05/2019;08:18;13:45;14:47;18:12;;;;;;;;
04/05/2019;00:00;00:00;;;;;;;;;;
05/05/2019;00:00;00:00;;;;;;;;;;
06/05/2019;08:24;12:02;13:03;18:29;;;;;;;;
07/05/2019;08:14;12:09;13:09;17:27;;;;;;;;
08/05/2019;07:28;12:01;13:20;17:14;;;;;;;;
09/05/2019;07:21;15:16;;;;;;;;;;
10/05/2019;08:11;12:12;12:57;18:09;;;;;;;;
11/05/2019;00:00;00:00;;;;;;;;;;
12/05/2019;00:00;00:00;;;;;;;;;;
13/05/2019;08:23;12:23;13:26;18:22;;;;;;;;
14/05/2019;08:35;12:10;13:26;18:01;;;;;;;;
15/05/2019;07:14;12:37;13:33;18:07;;;;;;;;
16/05/2019;07:34;12:00;13:02;18:05;;;;;;;;
17/05/2019;07:53;12:14;13:37;17:52;;;;;;;;
18/05/2019;00:00;00:00;;;;;;;;;;
19/05/2019;00:00;00:00;;;;;;;;;;
20/05/2019;08:23;12:06;13:09;18:25;;;;;;;;
21/05/2019;08:09;13:32;14:39;17:42;;;;;;;;
22/05/2019;07:34;12:55;13:35;18:13;;;;;;;;
23/05/2019;07:37;11:55;13:59;18:04;;;;;;;;
25/05/2019;00:00;00:00;;;;;;;;;;
26/05/2019;00:00;00:00;;;;;;;;;;
27/05/2019;08:30;12:00;13:00;20:00;;;;;;;;
28/05/2019;00:00;00:00;;;;;;;;;;
31/05/2019;09:13;13:42;14:49;18:41;;;;;;;;
01/06/2019;00:00;00:00;;;;;;;;;;
02/06/2019;00:00;00:00;;;;;;;;;;
03/06/2019;00:00;00:00;;;;;;;;;;
04/06/2019;00:00;00:00;;;;;;;;;;
05/06/2019;00:00;00:00;;;;;;;;;;
06/06/2019;00:00;00:00;;;;;;;;;;
07/06/2019;00:00;00:00;;;;;;;;;;
08/06/2019;00:00;00:00;;;;;;;;;;
09/06/2019;00:00;00:00;;;;;;;;;;
10/06/2019;00:00;00:00;;;;;;;;;;
11/06/2019;00:00;00:00;;;;;;;;;;
12/06/2019;00:00;00:00;;;;;;;;;;
13/06/2019;00:00;00:00;;;;;;;;;;
14/06/2019;00:00;00:00;;;;;;;;;;
15/06/2019;00:00;00:00;;;;;;;;;;
16/06/2019;00:00;00:00;;;;;;;;;;
17/06/2019;00:00;00:00;;;;;;;;;;
18/06/2019;00:00;00:00;;;;;;;;;;
19/06/2019;00:00;00:00;;;;;;;;;;
20/06/2019;00:00;00:00;;;;;;;;;;
21/06/2019;00:00;00:00;;;;;;;;;;
22/06/2019;00:00;00:00;;;;;;;;;;
23/06/2019;00:00;00:00;;;;;;;;;;
24/06/2019;08:10;12:03;13:03;17:16;;;;;;;;
25/06/2019;08:03;12:10;13:03;17:30;;;;;;;;
26/06/2019;07:19;12:12;13:18;17:47;;;;;;;;
27/06/2019;08:18;12:00;13:06;18:10;;;;;;;;
28/06/2019;08:18;12:06;13:11;17:52;;;;;;;;
29/06/2019;00:00;00:00;;;;;;;;;;
30/06/2019;00:00;00:00;;;;;;;;;;
01/07/2019;08:03;11:54;12:55;17:44;;;;;;;;
02/07/2019;07:38;12:00;13:09;17:44;;;;;;;;
04/07/2019;07:36;12:03;13:17;17:49;;;;;;;;
06/07/2019;00:00;00:00;;;;;;;;;;
07/07/2019;00:00;00:00;;;;;;;;;;
08/07/2019;08:21;12:12;13:23;18:02;;;;;;;;
09/07/2019;00:00;00:00;;;;;;;;;;
10/07/2019;08:49;12:21;13:16;18:18;;;;;;;;
11/07/2019;07:54;12:06;13:06;18:01;;;;;;;;
13/07/2019;00:00;00:00;;;;;;;;;;
14/07/2019;00:00;00:00;;;;;;;;;;
15/07/2019;08:37;12:01;13:02;18:07;;;;;;;;
16/07/2019;08:13;12:01;13:12;18:20;;;;;;;;
17/07/2019;07:54;12:11;13:16;18:05;;;;;;;;
18/07/2019;07:55;12:07;13:20;17:59;;;;;;;;
20/07/2019;00:00;00:00;;;;;;;;;;
21/07/2019;00:00;00:00;;;;;;;;;;
22/07/2019;07:51;13:20;14:21;18:11;;;;;;;;
23/07/2019;08:16;11:02;13:02;19:00;;;;;;;;
24/07/2019;07:01;12:12;13:13;18:21;;;;;;;;
27/07/2019;00:00;00:00;;;;;;;;;;
28/07/2019;00:00;00:00;;;;;;;;;;
29/07/2019;08:28;11:58;12:53;17:36;;;;;;;;
30/07/2019;07:49;12:00;13:00;17:47;;;;;;;;
31/07/2019;07:09;12:05;13:00;17:08;;;;;;;;
01/08/2019;07:51;12:43;14:01;18:34;;;;;;;;
03/08/2019;00:00;00:00;;;;;;;;;;
04/08/2019;00:00;00:00;;;;;;;;;;
07/08/2019;08:26;11:40;12:41;18:04;;;;;;;;
08/08/2019;08:42;11:57;12:59;18:10;;;;;;;;
10/08/2019;00:00;00:00;;;;;;;;;;
11/08/2019;00:00;00:00;;;;;;;;;;
12/08/2019;00:00;00:00;;;;;;;;;;
13/08/2019;08:32;12:05;13:12;18:03;;;;;;;;
14/08/2019;06:59;12:09;13:12;19:03;;;;;;;;
15/08/2019;07:52;12:08;12:57;18:23;;;;;;;;
16/08/2019;08:10;12:15;13:09;17:16;;;;;;;;
17/08/2019;00:00;00:00;;;;;;;;;;
18/08/2019;00:00;00:00;;;;;;;;;;
19/08/2019;07:49;13:11;14:00;18:00;;;;;;;;
20/08/2019;08:02;12:00;13:02;18:08;;;;;;;;
21/08/2019;07:07;12:00;13:02;18:02;;;;;;;;
22/08/2019;08:01;12:16;13:12;20:07;;;;;;;;
24/08/2019;00:00;00:00;;;;;;;;;;
25/08/2019;00:00;00:00;;;;;;;;;;
26/08/2019;08:21;12:00;13:03;17:52;;;;;;;;
27/08/2019;09:07;13:27;14:21;17:53;;;;;;;;
28/08/2019;07:02;12:01;13:34;18:06;;;;;;;;
29/08/2019;07:12;12:10;13:12;18:18;;;;;;;;
31/08/2019;00:00;00:00;;;;;;;;;;
01/09/2019;00:00;00:00;;;;;;;;;;
02/09/2019;08:19;11:57;13:00;18:10;;;;;;;;
03/09/2019;07:50;11:00;13:00;18:34;;;;;;;;
04/09/2019;06:56;12:00;13:01;15:52;;;;;;;;
05/09/2019;07:18;12:00;13:17;19:24;;;;;;;;
07/09/2019;00:00;00:00;;;;;;;;;;
08/09/2019;00:00;00:00;;;;;;;;;;
09/09/2019;07:55;12:05;13:02;18:00;;;;;;;;
10/09/2019;08:11;12:34;13:39;18:03;;;;;;;;
11/09/2019;07:03;13:10;14:27;18:05;;;;;;;;
12/09/2019;07:57;11:57;12:55;18:01;;;;;;;;
14/09/2019;00:00;00:00;;;;;;;;;;
15/09/2019;00:00;00:00;;;;;;;;;;
16/09/2019;08:33;12:33;13:40;18:04;;;;;;;;
17/09/2019;08:50;12:03;13:06;17:50;;;;;;;;
19/09/2019;07:37;12:30;13:35;18:02;;;;;;;;
21/09/2019;00:00;00:00;;;;;;;;;;
22/09/2019;00:00;00:00;;;;;;;;;;
24/09/2019;08:21;12:00;12:58;18:04;;;;;;;;
25/09/2019;08:00;13:01;14:19;17:34;;;;;;;;
26/09/2019;07:29;12:06;13:11;18:26;;;;;;;;
28/09/2019;00:00;00:00;;;;;;;;;;
29/09/2019;00:00;00:00;;;;;;;;;;
30/09/2019;07:52;11:55;13:08;18:01;;;;;;;;
01/10/2019;08:14;13:23;14:32;18:51;;;;;;;;
03/10/2019;08:10;14:10;15:14;18:55;;;;;;;;
04/10/2019;09:45;12:56;13:32;19:27;;;;;;;;
05/10/2019;00:00;00:00;;;;;;;;;;
06/10/2019;00:00;00:00;;;;;;;;;;
07/10/2019;08:56;12:33;13:40;18:00;;;;;;;;
08/10/2019;08:25;12:00;13:05;17:28;;;;;;;;
12/10/2019;00:00;00:00;;;;;;;;;;
13/10/2019;00:00;00:00;;;;;;;;;;
14/10/2019;08:40;13:36;14:37;18:52;;;;;;;;
15/10/2019;08:08;12:23;13:25;17:02;;;;;;;;
16/10/2019;08:29;11:11;12:53;18:11;;;;;;;;
18/10/2019;08:42;11:05;12:32;18:00;;;;;;;;
19/10/2019;00:00;00:00;;;;;;;;;;
20/10/2019;00:00;00:00;;;;;;;;;;
21/10/2019;08:18;12:25;13:29;17:23;;;;;;;;
22/10/2019;08:22;13:00;14:32;18:07;;;;;;;;
24/10/2019;00:00;00:00;;;;;;;;;;
26/10/2019;00:00;00:00;;;;;;;;;;
27/10/2019;00:00;00:00;;;;;;;;;;
28/10/2019;07:50;12:12;13:23;19:03;;;;;;;;
29/10/2019;08:05;12:08;13:16;18:17;;;;;;;;
30/10/2019;08:12;12:26;13:30;17:34;;;;;;;;
31/10/2019;08:48;12:42;13:46;18:11;;;;;;;;
01/11/2019;08:23;12:18;13:16;17:59;;;;;;;;
02/11/2019;00:00;00:00;;;;;;;;;;
03/11/2019;00:00;00:00;;;;;;;;;;
05/11/2019;08:07;12:23;13:36;18:20;;;;;;;;
06/11/2019;08:30;12:17;13:32;18:18;;;;;;;;
08/11/2019;08:11;12:01;13:05;18:16;;;;;;;;
09/11/2019;00:00;00:00;;;;;;;;;;
10/11/2019;00:00;00:00;;;;;;;;;;
11/11/2019;08:33;12:44;13:50;18:00;;;;;;;;
12/11/2019;09:09;12:12;13:22;18:17;;;;;;;;
13/11/2019;08:44;12:12;13:12;17:42;;;;;;;;
14/11/2019;08:08;12:27;13:18;18:54;;;;;;;;
15/11/2019;00:00;00:00;;;;;;;;;;
16/11/2019;00:00;00:00;;;;;;;;;;
17/11/2019;00:00;00:00;;;;;;;;;;
18/11/2019;08:30;12:35;13:36;18:04;;;;;;;;
19/11/2019;08:27;12:35;13:37;18:13;;;;;;;;
20/11/2019;08:48;12:29;14:09;18:28;;;;;;;;
21/11/2019;08:11;13:02;14:28;20:05;;;;;;;;
22/11/2019;08:40;13:47;15:00;18:38;;;;;;;;
23/11/2019;00:00;00:00;;;;;;;;;;
24/11/2019;00:00;00:00;;;;;;;;;;
26/11/2019;08:34;14:39;15:45;18:13;;;;;;;;
29/11/2019;08:45;12:06;13:16;19:00;;;;;;;;
30/11/2019;00:00;00:00;;;;;;;;;;
01/12/2019;00:00;00:00;;;;;;;;;;
04/12/2019;08:54;12:18;13:15;18:31;;;;;;;;
06/12/2019;08:33;12:19;13:18;17:45;;;;;;;;
07/12/2019;00:00;00:00;;;;;;;;;;
08/12/2019;00:00;00:00;;;;;;;;;;
09/12/2019;07:34;12:32;13:28;18:11;;;;;;;;
10/12/2019;08:29;12:00;13:11;18:09;;;;;;;;
11/12/2019;14:20;17:14;;;;;;;;;;
12/12/2019;08:06;12:34;13:34;20:03;;;;;;;;
13/12/2019;08:27;12:14;14:10;18:15;;;;;;;;
14/12/2019;00:00;00:00;;;;;;;;;;
15/12/2019;00:00;00:00;;;;;;;;;;
16/12/2019;08:26;12:31;13:37;17:40;;;;;;;;
17/12/2019;07:40;13:40;;;;;;;;;;
18/12/2019;07:49;12:00;13:01;17:13;;;;;;;;
20/12/2019;07:26;12:30;13:36;16:42;;;;;;;;
21/12/2019;00:00;00:00;;;;;;;;;;
22/12/2019;00:00;00:00;;;;;;;;;;
23/12/2019;08:51;12:12;13:23;18:12;;;;;;;;
24/12/2019;00:00;00:00;;;;;;;;;;
25/12/2019;00:00;00:00;;;;;;;;;;
26/12/2019;08:46;13:32;14:59;18:29;;;;;;;;
28/12/2019;00:00;00:00;;;;;;;;;;
29/12/2019;00:00;00:00;;;;;;;;;;
30/12/2019;08:25;11:57;12:54;17:47;;;;;;;;
31/12/2019;00:00;00:00;;;;;;;;;;
01/01/2020;00:00;00:00;;;;;;;;;;
02/01/2020;08:33;10:54;12:44;18:30;;;;;;;;
03/01/2020;08:34;11:03;12:59;18:30;;;;;;;;
04/01/2020;00:00;00:00;;;;;;;;;;
05/01/2020;00:00;00:00;;;;;;;;;;
06/01/2020;08:30;11:01;12:58;18:30;;;;;;;;
08/01/2020;08:39;10:59;12:43;18:52;;;;;;;;
11/01/2020;00:00;00:00;;;;;;;;;;
12/01/2020;00:00;00:00;;;;;;;;;;
14/01/2020;08:25;10:59;12:23;18:54;;;;;;;;
15/01/2020;08:53;11:13;12:38;18:41;;;;;;;;
16/01/2020;07:49;12:20;13:32;18:30;;;;;;;;
17/01/2020;08:44;14:22;15:25;18:33;;;;;;;;
18/01/2020;00:00;00:00;;;;;;;;;;
19/01/2020;00:00;00:00;;;;;;;;;;
20/01/2020;08:35;11:00;12:16;18:45;;;;;;;;
21/01/2020;08:30;11:23;12:52;18:30;;;;;;;;
22/01/2020;09:01;11:43;13:00;18:25;;;;;;;;
24/01/2020;08:43;11:18;13:05;18:24;;;;;;;;
25/01/2020;00:00;00:00;;;;;;;;;;
26/01/2020;00:00;00:00;;;;;;;;;;
27/01/2020;08:30;11:46;13:05;18:47;;;;;;;;
30/01/2020;07:30;11:05;12:30;18:43;;;;;;;;
01/02/2020;00:00;00:00;;;;;;;;;;
02/02/2020;00:00;00:00;;;;;;;;;;
04/02/2020;08:51;11:00;12:13;18:08;;;;;;;;
06/02/2020;08:15;11:01;12:37;19:42;;;;;;;;
07/02/2020;09:28;12:00;13:06;18:27;;;;;;;;
08/02/2020;00:00;00:00;;;;;;;;;;
09/02/2020;00:00;00:00;;;;;;;;;;
10/02/2020;10:54;16:05;;;;;;;;;;
11/02/2020;07:29;11:12;12:28;18:05;;;;;;;;
13/02/2020;07:34;15:01;16:16;18:14;;;;;;;;
14/02/2020;09:16;14:06;14:58;18:53;;;;;;;;
15/02/2020;00:00;00:00;;;;;;;;;;
16/02/2020;00:00;00:00;;;;;;;;;;
17/02/2020;08:40;11:00;12:03;18:00;;;;;;;;
19/02/2020;00:00;00:00;;;;;;;;;;
20/02/2020;07:51;13:29;14:31;18:00;;;;;;;;
22/02/2020;00:00;00:00;;;;;;;;;;
23/02/2020;00:00;00:00;;;;;;;;;;
24/02/2020;00:00;00:00;;;;;;;;;;
25/02/2020;00:00;00:00;;;;;;;;;;
26/02/2020;12:09;18:11;;;;;;;;;;
29/02/2020;00:00;00:00;;;;;;;;;;
01/03/2020;00:00;00:00;;;;;;;;;;
02/03/2020;07:35;11:00;12:27;18:02;;;;;;;;
06/03/2020;08:34;13:05;14:09;18:03;;;;;;;;
07/03/2020;00:00;00:00;;;;;;;;;;
08/03/2020;00:00;00:00;;;;;;;;;;
09/03/2020;08:54;10:51;12:41;18:52;;;;;;;;
10/03/2020;09:11;13:48;14:31;19:15;;;;;;;;
12/03/2020;08:11;11:40;13:23;19:12;;;;;;;;
13/03/2020;07:59;11:34;13:15;17:36;;;;;;;;
14/03/2020;00:00;00:00;;;;;;;;;;
15/03/2020;00:00;00:00;;;;;;;;;;
16/03/2020;08:05;11:23;13:18;18:24;;;;;;;;
18/03/2020;00:00;00:00;;;;;;;;;;
19/03/2020;00:00;00:00;;;;;;;;;;
20/03/2020;12:48;15:21;;;;;;;;;;
21/03/2020;00:00;00:00;;;;;;;;;;
22/03/2020;00:00;00:00;;;;;;;;;;
23/03/2020;08:20;12:30;13:30;18:00;;;;;;;;
24/03/2020;08:00;12:10;13:36;18:08;;;;;;;;
25/03/2020;08:07;14:02;15:06;18:00;;;;;;;;
26/03/2020;07:59;12:17;14:14;18:01;;;;;;;;
27/03/2020;08:30;12:03;13:18;18:06;;;;;;;;
28/03/2020;00:00;00:00;;;;;;;;;;
29/03/2020;00:00;00:00;;;;;;;;;;
30/03/2020;08:20;13:42;14:56;18:31;;;;;;;;
31/03/2020;08:05;11:41;13:40;18:00;;;;;;;;
01/04/2020;08:20;12:27;13:36;18:09;;;;;;;;
02/04/2020;08:32;12:39;14:02;18:17;;;;;;;;
03/04/2020;08:08;12:52;14:00;17:25;;;;;;;;
04/04/2020;00:00;00:00;;;;;;;;;;
05/04/2020;00:00;00:00;;;;;;;;;;
06/04/2020;08:04;13:02;14:13;18:03;;;;;;;;
07/04/2020;08:07;12:38;14:24;18:06;;;;;;;;
09/04/2020;09:10;13:23;14:30;18:26;;;;;;;;
10/04/2020;00:00;00:00;;;;;;;;;;
11/04/2020;00:00;00:00;;;;;;;;;;
12/04/2020;00:00;00:00;;;;;;;;;;
13/04/2020;08:46;12:02;13:22;18:05;;;;;;;;
14/04/2020;08:45;12:48;13:58;17:50;;;;;;;;
15/04/2020;08:51;13:36;14:52;18:00;;;;;;;;
16/04/2020;08:00;13:10;14:24;17:56;;;;;;;;
18/04/2020;00:00;00:00;;;;;;;;;;
19/04/2020;00:00;00:00;;;;;;;;;;
21/04/2020;00:00;00:00;;;;;;;;;;
22/04/2020;08:21;12:45;13:45;17:36;;;;;;;;
23/04/2020;08:26;12:58;13:04;17:26;;;;;;;;
25/04/2020;00:00;00:00;;;;;;;;;;
26/04/2020;00:00;00:00;;;;;;;;;;
27/04/2020;08:51;13:14;14:14;17:51;;;;;;;;
28/04/2020;08:45;14:13;15:13;17:45;;;;;;;;
29/04/2020;08:30;14:28;15:28;17:30;;;;;;;;
01/05/2020;00:00;00:00;;;;;;;;;;
02/05/2020;00:00;00:00;;;;;;;;;;
03/05/2020;00:00;00:00;;;;;;;;;;
04/05/2020;08:30;12:00;13:00;17:30;;;;;;;;
05/05/2020;08:00;12:30;13:30;17:00;;;;;;;;
06/05/2020;08:20;13:30;14:30;17:20;;;;;;;;
07/05/2020;08:15;12:00;13:00;17:15;;;;;;;;
08/05/2020;09:00;13:30;14:30;18:00;;;;;;;;
09/05/2020;00:00;00:00;;;;;;;;;;
10/05/2020;00:00;00:00;;;;;;;;;;
11/05/2020;00:00;00:00;;;;;;;;;;
12/05/2020;00:00;00:00;;;;;;;;;;
13/05/2020;00:00;00:00;;;;;;;;;;
14/05/2020;00:00;00:00;;;;;;;;;;
15/05/2020;00:00;00:00;;;;;;;;;;
16/05/2020;00:00;00:00;;;;;;;;;;
17/05/2020;00:00;00:00;;;;;;;;;;
18/05/2020;00:00;00:00;;;;;;;;;;
19/05/2020;00:00;00:00;;;;;;;;;;
20/05/2020;00:00;00:00;;;;;;;;;;
21/05/2020;00:00;00:00;;;;;;;;;;
22/05/2020;00:00;00:00;;;;;;;;;;
23/05/2020;00:00;00:00;;;;;;;;;;
24/05/2020;00:00;00:00;;;;;;;;;;
25/05/2020;00:00;00:00;;;;;;;;;;
26/05/2020;00:00;00:00;;;;;;;;;;
27/05/2020;00:00;00:00;;;;;;;;;;
28/05/2020;00:00;00:00;;;;;;;;;;
29/05/2020;00:00;00:00;;;;;;;;;;
30/05/2020;00:00;00:00;;;;;;;;;;
31/05/2020;00:00;00:00;;;;;;;;;;
01/06/2020;08:21;12:00;13:00;17:21;;;;;;;;
02/06/2020;09:00;12:00;13:00;18:00;;;;;;;;
03/06/2020;08:50;12:00;13:00;15:50;;;;;;;;
04/06/2020;08:50;12:00;13:00;17:50;;;;;;;;
05/06/2020;09:00;12:00;13:00;18:00;;;;;;;;
06/06/2020;00:00;00:00;;;;;;;;;;
07/06/2020;00:00;00:00;;;;;;;;;;
08/06/2020;08:50;12:00;13:00;17:50;;;;;;;;
09/06/2020;08:20;12:00;13:00;17:20;;;;;;;;
10/06/2020;08:30;12:00;13:00;17:30;;;;;;;;
11/06/2020;00:00;00:00;;;;;;;;;;
12/06/2020;08:40;12:00;13:00;17:40;;;;;;;;
13/06/2020;00:00;00:00;;;;;;;;;;
14/06/2020;00:00;00:00;;;;;;;;;;
15/06/2020;08:30;12:30;14:30;18:30;;;;;;;;
16/06/2020;08:15;12:00;14:00;18:15;;;;;;;;
17/06/2020;08:00;12:00;14:00;18:00;;;;;;;;
18/06/2020;08:10;12:00;14:00;18:10;;;;;;;;
19/06/2020;08:15;12:00;14:00;18:15;;;;;;;;
20/06/2020;00:00;00:00;;;;;;;;;;
21/06/2020;00:00;00:00;;;;;;;;;;
22/06/2020;08:40;12:30;14:30;18:40;;;;;;;;
23/06/2020;08:35;12:20;14:20;18:35;;;;;;;;
24/06/2020;08:00;12:00;14:00;18:00;;;;;;;;
25/06/2020;08:45;12:30;14:30;18:45;;;;;;;;
26/06/2020;09:00;12:00;14:00;19:00;;;;;;;;
27/06/2020;00:00;00:00;;;;;;;;;;
28/06/2020;00:00;00:00;;;;;;;;;;
29/06/2020;08:40;12:00;14:00;18:40;;;;;;;;
30/06/2020;08:30;12:30;14:30;18:30;;;;;;;;
01/07/2020;08:30;13:30;14:30;17:30;;;;;;;;
02/07/2020;09:00;14:00;15:00;18:00;;;;;;;;
03/07/2020;08:20;14:30;15:30;17:20;;;;;;;;
04/07/2020;00:00;00:00;;;;;;;;;;
05/07/2020;00:00;00:00;;;;;;;;;;
06/07/2020;08:40;12:00;14:00;18:40;;;;;;;;
07/07/2020;08:30;13:00;14:00;17:30;;;;;;;;
08/07/2020;08:00;12:00;13:00;17:00;;;;;;;;
09/07/2020;08:40;12:00;13:00;17:40;;;;;;;;
10/07/2020;09:00;13:00;14:00;18:00;;;;;;;;
11/07/2020;00:00;00:00;;;;;;;;;;
12/07/2020;00:00;00:00;;;;;;;;;;
13/07/2020;08:30;12:00;13:30;18:00;;;;;;;;
14/07/2020;08:20;12:00;14:00;18:20;;;;;;;;
15/07/2020;08:00;12:00;13:00;17:00;;;;;;;;
16/07/2020;08:30;12:30;14:00;18:00;;;;;;;;
18/07/2020;00:00;00:00;;;;;;;;;;
19/07/2020;00:00;00:00;;;;;;;;;;
20/07/2020;08:30;12:00;13:00;19:00;;;;;;;;
21/07/2020;08:00;12:00;14:00;19:30;;;;;;;;
22/07/2020;08:30;12:00;13:00;18:30;;;;;;;;
23/07/2020;08:30;13:00;14:30;20:00;;;;;;;;
24/07/2020;08:30;12:30;13:30;19:30;;;;;;;;
25/07/2020;00:00;00:00;;;;;;;;;;
26/07/2020;00:00;00:00;;;;;;;;;;
27/07/2020;08:30;12:00;13:00;17:30;;;;;;;;
28/07/2020;08:30;12:00;13:00;19:30;;;;;;;;
29/07/2020;08:20;13:30;14:30;18:40;;;;;;;;
30/07/2020;08:30;12:30;13:30;18:20;;;;;;;;
31/07/2020;08:30;12:00;13:00;18:10;;;;;;;;
01/08/2020;00:00;00:00;;;;;;;;;;
02/08/2020;00:00;00:00;;;;;;;;;;
03/08/2020;08:30;13:00;14:00;18:30;;;;;;;;
04/08/2020;08:00;12:30;13:30;18:00;;;;;;;;
05/08/2020;08:30;13:00;14:00;18:30;;;;;;;;
06/08/2020;08:00;13:30;14:30;19:00;;;;;;;;
07/08/2020;09:00;13:30;15:30;22:30;;;;;;;;
08/08/2020;00:00;00:00;;;;;;;;;;
09/08/2020;00:00;00:00;;;;;;;;;;
10/08/2020;08:30;12:00;13:00;19:30;;;;;;;;
11/08/2020;09:00;12:00;13:00;21:00;;;;;;;;
12/08/2020;08:40;12:30;13:30;20:40;;;;;;;;
13/08/2020;08:30;12:30;13:30;21:30;;;;;;;;
14/08/2020;08:30;12:00;13:00;17:30;;;;;;;;
15/08/2020;00:00;00:00;;;;;;;;;;
16/08/2020;00:00;00:00;;;;;;;;;;
17/08/2020;08:30;12:00;13:00;20:30;;;;;;;;
18/08/2020;09:00;13:00;14:00;22:30;;;;;;;;
19/08/2020;09:00;12:30;13:30;22:00;;;;;;;;
20/08/2020;09:00;12:30;13:30;21:30;;;;;;;;
21/08/2020;08:30;12:00;13:00;20:30;;;;;;;;
22/08/2020;00:00;00:00;;;;;;;;;;
23/08/2020;00:00;00:00;;;;;;;;;;
24/08/2020;08:30;12:00;13:00;21:00;;;;;;;;
25/08/2020;08:30;13:30;14:30;20:00;;;;;;;;
26/08/2020;08:00;12:00;13:00;20:30;;;;;;;;
27/08/2020;08:30;12:30;13:30;19:30;;;;;;;;
28/08/2020;08:20;12:00;13:00;19:30;;;;;;;;
29/08/2020;00:00;00:00;;;;;;;;;;
30/08/2020;00:00;00:00;;;;;;;;;;
31/08/2020;08:00;13:30;14:30;20:30;;;;;;;;
01/09/2020;08:30;13:30;14:30;18:30;;;;;;;;
02/09/2020;08:00;12:00;13:00;19:00;;;;;;;;
03/09/2020;08:30;12:00;13:00;19:00;;;;;;;;
04/09/2020;08:00;12:00;13:00;20:00;;;;;;;;
05/09/2020;00:00;00:00;;;;;;;;;;
06/09/2020;00:00;00:00;;;;;;;;;;
07/09/2020;00:00;00:00;;;;;;;;;;
08/09/2020;00:00;00:00;;;;;;;;;;
09/09/2020;08:40;12:30;13:30;18:40;;;;;;;;
10/09/2020;08:00;12:00;14:00;19:45;;;;;;;;
11/09/2020;08:30;13:30;14:30;19:15;;;;;;;;
12/09/2020;00:00;00:00;;;;;;;;;;
13/09/2020;00:00;00:00;;;;;;;;;;
14/09/2020;08:30;12:00;13:00;20:30;;;;;;;;
15/09/2020;08:40;12:30;13:30;19:30;;;;;;;;
16/09/2020;08:30;13:00;14:00;20:40;;;;;;;;
17/09/2020;09:00;12:30;13:30;21:00;;;;;;;;
18/09/2020;08:40;12:00;13:00;20:00;;;;;;;;
19/09/2020;00:00;00:00;;;;;;;;;;
20/09/2020;00:00;00:00;;;;;;;;;;
21/09/2020;08:30;12:00;13:00;19:30;;;;;;;;
22/09/2020;08:30;12:30;13:30;20:00;;;;;;;;
23/09/2020;08:30;13:30;14:30;19:00;;;;;;;;
24/09/2020;08:30;12:30;13:30;18:40;;;;;;;;
25/09/2020;08:00;13:00;15:00;18:00;;;;;;;;
26/09/2020;00:00;00:00;;;;;;;;;;
27/09/2020;00:00;00:00;;;;;;;;;;
28/09/2020;08:30;12:00;13:00;18:30;;;;;;;;
29/09/2020;08:30;12:30;13:30;18:00;;;;;;;;
30/09/2020;08:00;12:00;13:00;18:30;;;;;;;;
01/10/2020;08:30;13:00;14:00;18:30;;;;;;;;
02/10/2020;08:00;12:00;13:00;19:00;;;;;;;;
03/10/2020;00:00;00:00;;;;;;;;;;
04/10/2020;00:00;00:00;;;;;;;;;;
05/10/2020;09:00;12:00;13:00;18:30;;;;;;;;
06/10/2020;08:40;12:00;13:00;18:45;;;;;;;;
07/10/2020;08:00;11:30;12:30;18:00;;;;;;;;
08/10/2020;08:40;12:30;13:30;18:40;;;;;;;;
09/10/2020;07:40;11:30;12:30;16:30;;;;;;;;
10/10/2020;00:00;00:00;;;;;;;;;;
11/10/2020;00:00;00:00;;;;;;;;;;
12/10/2020;00:00;00:00;;;;;;;;;;
13/10/2020;00:00;00:00;;;;;;;;;;
14/10/2020;00:00;00:00;;;;;;;;;;
15/10/2020;00:00;00:00;;;;;;;;;;
16/10/2020;00:00;00:00;;;;;;;;;;
17/10/2020;00:00;00:00;;;;;;;;;;
18/10/2020;00:00;00:00;;;;;;;;;;
19/10/2020;00:00;00:00;;;;;;;;;;
20/10/2020;00:00;00:00;;;;;;;;;;
21/10/2020;00:00;00:00;;;;;;;;;;
22/10/2020;00:00;00:00;;;;;;;;;;
23/10/2020;08:30;12:00;13:00;18:00;;;;;;;;
24/10/2020;00:00;00:00;;;;;;;;;;
25/10/2020;00:00;00:00;;;;;;;;;;
26/10/2020;08:00;12:00;13:00;18:00;;;;;;;;
27/10/2020;08:30;12:00;13:00;20:15;;;;;;;;
28/10/2020;08:30;12:30;13:30;18:00;;;;;;;;
29/10/2020;08:30;12:00;13:00;21:00;;;;;;;;
30/10/2020;08:30;12:30;13:30;19:50;;;;;;;;
31/10/2020;00:00;00:00;;;;;;;;;;
01/11/2020;00:00;00:00;;;;;;;;;;
02/11/2020;00:00;00:00;;;;;;;;;;
03/11/2020;08:00;12:00;13:00;17:15;;;;;;;;
04/11/2020;08:15;12:30;13:30;18:30;;;;;;;;
05/11/2020;08:00;12:00;13:00;18:26;;;;;;;;
06/11/2020;08:30;13:30;14:30;19:30;;;;;;;;
07/11/2020;00:00;00:00;;;;;;;;;;
08/11/2020;00:00;00:00;;;;;;;;;;
09/11/2020;08:30;12:00;13:00;18:40;;;;;;;;
10/11/2020;08:30;12:30;13:30;20:15;;;;;;;;
11/11/2020;08:20;12:00;13:00;18:22;;;;;;;;
12/11/2020;08:30;12:00;13:00;18:15;;;;;;;;
13/11/2020;09:00;12:00;13:00;20:35;;;;;;;;
14/11/2020;00:00;00:00;;;;;;;;;;
15/11/2020;00:00;00:00;;;;;;;;;;
16/11/2020;08:30;12:00;13:00;18:41;;;;;;;;
17/11/2020;08:30;12:00;13:00;19:04;;;;;;;;
18/11/2020;08:00;13:00;14:00;21:18;;;;;;;;
19/11/2020;08:40;11:00;13:00;19:20;;;;;;;;
20/11/2020;08:30;12:00;13:00;19:15;;;;;;;;
21/11/2020;00:00;00:00;;;;;;;;;;
22/11/2020;00:00;00:00;;;;;;;;;;
23/11/2020;08:30;13:30;14:30;18:00;;;;;;;;
24/11/2020;08:40;11:30;12:30;19:46;;;;;;;;
25/11/2020;08:50;12:00;13:00;21:15;;;;;;;;
26/11/2020;08:30;12:00;13:30;20:27;;;;;;;;
28/11/2020;00:00;00:00;;;;;;;;;;
29/11/2020;00:00;00:00;;;;;;;;;;
30/11/2020;08:40;12:00;13:00;18:00;;;;;;;;
02/12/2020;08:00;11:00;13:00;21:55;;;;;;;;
03/12/2020;08:30;11:00;13:00;19:00;;;;;;;;
05/12/2020;00:00;00:00;;;;;;;;;;
06/12/2020;00:00;00:00;;;;;;;;;;
07/12/2020;08:30;12:00;13:00;17:45;;;;;;;;
08/12/2020;08:20;12:30;13:30;19:40;;;;;;;;
09/12/2020;08:40;12:00;13:30;18:30;;;;;;;;
10/12/2020;08:30;13:30;14:30;18:15;;;;;;;;
12/12/2020;00:00;00:00;;;;;;;;;;
13/12/2020;00:00;00:00;;;;;;;;;;
14/12/2020;08:30;12:00;13:00;18:15;;;;;;;;
15/12/2020;08:40;12:40;13:40;18:05;;;;;;;;
17/12/2020;08:30;12:30;13:30;18:00;;;;;;;;
18/12/2020;08:00;12:00;13:30;18:00;;;;;;;;
19/12/2020;00:00;00:00;;;;;;;;;;
20/12/2020;00:00;00:00;;;;;;;;;;
21/12/2020;08:20;12:00;13:00;18:30;;;;;;;;
22/12/2020;08:30;11:30;12:30;17:40;;;;;;;;
23/12/2020;08:30;12:00;13:00;17:50;;;;;;;;
24/12/2020;00:00;00:00;;;;;;;;;;
25/12/2020;00:00;00:00;;;;;;;;;;
26/12/2020;00:00;00:00;;;;;;;;;;
27/12/2020;00:00;00:00;;;;;;;;;;
28/12/2020;08:20;12:00;13:00;18:30;;;;;;;;
29/12/2020;08:30;13:00;14:00;18:00;;;;;;;;
30/12/2020;08:00;12:00;13:00;17:15;;;;;;;;
31/12/2020;00:00;00:00;;;;;;;;;;
01/01/2021;00:00;00:00;;;;;;;;;;
02/01/2021;00:00;00:00;;;;;;;;;;
03/01/2021;00:00;00:00;;;;;;;;;;
04/01/2021;08:40;12:00;13:00;17:30;;;;;;;;
05/01/2021;08:30;11:30;12:30;17:30;;;;;;;;
06/01/2021;08:30;13:30;14:30;19:12;;;;;;;;
08/01/2021;08:30;12:30;13:30;18:21;;;;;;;;
09/01/2021;00:00;00:00;;;;;;;;;;
10/01/2021;00:00;00:00;;;;;;;;;;
11/01/2021;08:00;12:00;13:00;18:11;;;;;;;;
12/01/2021;08:20;13:00;14:00;18:20;;;;;;;;
13/01/2021;09:00;13:00;14:00;18:10;;;;;;;;
14/01/2021;08:30;12:00;13:00;17:47;;;;;;;;
15/01/2021;08:30;12:00;13:00;17:30;;;;;;;;
16/01/2021;00:00;00:00;;;;;;;;;;
17/01/2021;00:00;00:00;;;;;;;;;;
18/01/2021;08:30;12:00;13:00;18:15;;;;;;;;
19/01/2021;08:20;11:30;12:30;17:50;;;;;;;;
21/01/2021;08:21;12:00;13:00;17:40;;;;;;;;
22/01/2021;08:40;12:00;14:00;18:30;;;;;;;;
23/01/2021;00:00;00:00;;;;;;;;;;
24/01/2021;00:00;00:00;;;;;;;;;;
25/01/2021;08:30;13:00;14:00;18:30;;;;;;;;
27/01/2021;08:30;12:00;13:00;17:40;;;;;;;;
28/01/2021;08:40;13:00;14:00;18:00;;;;;;;;
29/01/2021;08:30;13:00;14:00;18:15;;;;;;;;
30/01/2021;00:00;00:00;;;;;;;;;;
31/01/2021;00:00;00:00;;;;;;;;;;
02/02/2021;08:30;13:00;14:00;18:10;;;;;;;;
03/02/2021;08:30;13:00;14:00;17:40;;;;;;;;
04/02/2021;08:40;12:00;13:00;18:00;;;;;;;;
05/02/2021;08:30;13:00;14:00;18:20;;;;;;;;
06/02/2021;00:00;00:00;;;;;;;;;;
07/02/2021;00:00;00:00;;;;;;;;;;
09/02/2021;07:50;12:00;13:00;18:30;;;;;;;;
10/02/2021;07:50;12:00;13:00;18:00;;;;;;;;
11/02/2021;08:30;12:00;13:00;18:40;;;;;;;;
12/02/2021;08:00;13:00;14:00;17:30;;;;;;;;
13/02/2021;00:00;00:00;;;;;;;;;;
14/02/2021;00:00;00:00;;;;;;;;;;
15/02/2021;00:00;00:00;;;;;;;;;;
16/02/2021;00:00;00:00;;;;;;;;;;
17/02/2021;12:00;19:10;;;;;;;;;;
18/02/2021;08:30;12:00;13:00;19:05;;;;;;;;
19/02/2021;00:00;00:00;;;;;;;;;;
20/02/2021;00:00;00:00;;;;;;;;;;
21/02/2021;00:00;00:00;;;;;;;;;;
22/02/2021;08:40;12:10;13:10;17:30;;;;;;;;
23/02/2021;08:30;13:30;14:35;18:25;;;;;;;;
26/02/2021;08:10;12:00;14:00;20:56;;;;;;;;
27/02/2021;00:00;00:00;;;;;;;;;;
28/02/2021;00:00;00:00;;;;;;;;;;
01/03/2021;08:30;12:00;13:00;19:12;;;;;;;;
02/03/2021;08:40;12:00;14:00;20:49;;;;;;;;
03/03/2021;08:35;12:00;14:00;19:16;;;;;;;;
04/03/2021;08:40;13:30;14:30;19:38;;;;;;;;
05/03/2021;08:30;13:00;14:00;17:30;;;;;;;;
06/03/2021;00:00;00:00;;;;;;;;;;
07/03/2021;00:00;00:00;;;;;;;;;;
08/03/2021;08:50;12:00;13:00;18:58;;;;;;;;
11/03/2021;08:40;12:00;14:00;21:04;;;;;;;;
12/03/2021;09:00;12:00;14:00;22:02;;;;;;;;
13/03/2021;00:00;00:00;;;;;;;;;;
14/03/2021;00:00;00:00;;;;;;;;;;
16/03/2021;09:00;12:00;14:00;19:16;;;;;;;;
18/03/2021;08:30;12:00;14:00;18:34;;;;;;;;
19/03/2021;07:54;12:00;13:10;18:41;;;;;;;;
20/03/2021;00:00;00:00;;;;;;;;;;
21/03/2021;00:00;00:00;;;;;;;;;;
22/03/2021;08:40;11:30;12:30;18:15;;;;;;;;
23/03/2021;08:35;12:00;13:00;17:27;;;;;;;;
24/03/2021;08:30;12:45;13:50;19:03;;;;;;;;
25/03/2021;08:25;12:00;13:00;19:50;;;;;;;;
26/03/2021;08:00;13:45;14:45;18:22;;;;;;;;
27/03/2021;00:00;00:00;;;;;;;;;;
28/03/2021;00:00;00:00;;;;;;;;;;
29/03/2021;08:30;12:35;13:40;19:52;;;;;;;;
30/03/2021;00:00;00:00;;;;;;;;;;
31/03/2021;00:00;00:00;;;;;;;;;;
02/04/2021;00:00;00:00;;;;;;;;;;
03/04/2021;00:00;00:00;;;;;;;;;;
04/04/2021;00:00;00:00;;;;;;;;;;
05/04/2021;08:17;12:29;13:30;18:46;;;;;;;;
06/04/2021;08:30;12:55;14:29;18:45;;;;;;;;
07/04/2021;08:50;13:23;14:30;18:06;;;;;;;;
08/04/2021;08:33;12:40;13:50;19:41;;;;;;;;
09/04/2021;08:45;12:00;13:30;19:19;;;;;;;;
10/04/2021;00:00;00:00;;;;;;;;;;
11/04/2021;00:00;00:00;;;;;;;;;;
12/04/2021;08:57;13:00;14:03;18:40;;;;;;;;
13/04/2021;08:45;12:30;13:45;18:45;;;;;;;;
14/04/2021;09:00;12:30;13:30;20:33;;;;;;;;
15/04/2021;08:15;14:08;15:10;19:52;;;;;;;;
16/04/2021;09:10;14:00;15:00;19:48;;;;;;;;
17/04/2021;00:00;00:00;;;;;;;;;;
18/04/2021;00:00;00:00;;;;;;;;;;
20/04/2021;08:00;12:00;13:00;18:15;;;;;;;;
21/04/2021;00:00;00:00;;;;;;;;;;
22/04/2021;08:45;12:50;14:13;19:03;;;;;;;;
23/04/2021;08:34;13:00;14:00;18:25;;;;;;;;
24/04/2021;00:00;00:00;;;;;;;;;;
25/04/2021;00:00;00:00;;;;;;;;;;
26/04/2021;07:20;12:00;13:00;18:30;;;;;;;;
27/04/2021;08:45;13:40;14:56;19:00;;;;;;;;
28/04/2021;09:00;12:40;13:45;18:30;;;;;;;;
29/04/2021;08:35;12:00;14:00;19:00;;;;;;;;
30/04/2021;09:00;13:30;14:30;19:25;;;;;;;;
01/05/2021;00:00;00:00;;;;;;;;;;
02/05/2021;00:00;00:00;;;;;;;;;;
03/05/2021;00:00;00:00;;;;;;;;;;
04/05/2021;00:00;00:00;;;;;;;;;;
05/05/2021;00:00;00:00;;;;;;;;;;
06/05/2021;00:00;00:00;;;;;;;;;;
07/05/2021;00:00;00:00;;;;;;;;;;
08/05/2021;00:00;00:00;;;;;;;;;;
09/05/2021;00:00;00:00;;;;;;;;;;
10/05/2021;00:00;00:00;;;;;;;;;;
11/05/2021;00:00;00:00;;;;;;;;;;
12/05/2021;00:00;00:00;;;;;;;;;;
13/05/2021;00:00;00:00;;;;;;;;;;
14/05/2021;00:00;00:00;;;;;;;;;;
15/05/2021;00:00;00:00;;;;;;;;;;
16/05/2021;00:00;00:00;;;;;;;;;;
17/05/2021;00:00;00:00;;;;;;;;;;
18/05/2021;08:30;12:00;13:00;18:00;;;;;;;;
19/05/2021;08:30;13:00;14:00;18:00;;;;;;;;
20/05/2021;08:45;12:30;13:30;18:12;;;;;;;;
21/05/2021;08:00;12:00;13:00;19:35;;;;;;;;
22/05/2021;00:00;00:00;;;;;;;;;;
23/05/2021;00:00;00:00;;;;;;;;;;
24/05/2021;08:00;13:00;14:00;18:00;;;;;;;;
25/05/2021;07:55;12:30;13:30;18:00;;;;;;;;
26/05/2021;08:10;12:00;13:00;18:16;;;;;;;;
27/05/2021;09:00;12:00;13:00;18:00;;;;;;;;
28/05/2021;08:40;12:00;13:00;18:30;;;;;;;;
29/05/2021;00:00;00:00;;;;;;;;;;
30/05/2021;00:00;00:00;;;;;;;;;;
31/05/2021;08:47;12:00;13:00;18:15;;;;;;;;
02/06/2021;08:08;13:15;14:47;18:02;;;;;;;;
03/06/2021;00:00;00:00;;;;;;;;;;
04/06/2021;08:35;14:30;15:30;17:40;;;;;;;;
05/06/2021;00:00;00:00;;;;;;;;;;
06/06/2021;00:00;00:00;;;;;;;;;;
08/06/2021;08:40;12:35;13:35;17:54;;;;;;;;
09/06/2021;07:38;12:30;14:30;17:30;;;;;;;;
10/06/2021;08:30;13:00;14:00;17:30;;;;;;;;
11/06/2021;08:45;12:00;13:00;17:50;;;;;;;;
12/06/2021;00:00;00:00;;;;;;;;;;
13/06/2021;00:00;00:00;;;;;;;;;;
14/06/2021;08:35;12:00;13:00;17:40;;;;;;;;
15/06/2021;08:23;13:00;14:00;17:50;;;;;;;;
17/06/2021;08:03;13:30;15:00;17:50;;;;;;;;
18/06/2021;08:40;12:30;13:30;17:50;;;;;;;;
19/06/2021;00:00;00:00;;;;;;;;;;
20/06/2021;00:00;00:00;;;;;;;;;;
21/06/2021;08:45;13:30;14:30;17:50;;;;;;;;
22/06/2021;08:14;13:30;14:35;17:57;;;;;;;;
23/06/2021;08:06;14:13;15:35;17:40;;;;;;;;
25/06/2021;08:18;13:09;14:11;17:20;;;;;;;;
26/06/2021;00:00;00:00;;;;;;;;;;
27/06/2021;00:00;00:00;;;;;;;;;;
29/06/2021;08:36;13:30;14:30;17:44;;;;;;;;
30/06/2021;09:15;15:18;16:18;18:11;;;;;;;;
01/07/2021;08:20;14:30;15:30;17:35;;;;;;;;
02/07/2021;08:40;13:30;14:30;17:50;;;;;;;;
03/07/2021;00:00;00:00;;;;;;;;;;
04/07/2021;00:00;00:00;;;;;;;;;;
05/07/2021;08:45;12:30;13:30;17:55;;;;;;;;
07/07/2021;08:40;12:37;13:37;17:50;;;;;;;;
08/07/2021;08:40;13:00;14:00;17:50;;;;;;;;
09/07/2021;00:00;00:00;;;;;;;;;;
10/07/2021;00:00;00:00;;;;;;;;;;
11/07/2021;00:00;00:00;;;;;;;;;;
12/07/2021;00:00;00:00;;;;;;;;;;
13/07/2021;08:35;14:00;15:30;19:06;;;;;;;;
14/07/2021;08:08;12:26;13:55;17:55;;;;;;;;
16/07/2021;08:40;12:00;13:00;17:50;;;;;;;;
17/07/2021;00:00;00:00;;;;;;;;;;
18/07/2021;00:00;00:00;;;;;;;;;;
19/07/2021;08:10;13:00;14:00;17:30;;;;;;;;
20/07/2021;08:54;13:20;14:40;18:08;;;;;;;;
21/07/2021;09:00;12:00;13:00;18:12;;;;;;;;
22/07/2021;09:00;14:23;15:23;17:52;;;;;;;;
23/07/2021;09:00;14:00;15:00;17:55;;;;;;;;
24/07/2021;00:00;00:00;;;;;;;;;;
25/07/2021;00:00;00:00;;;;;;;;;;
26/07/2021;08:00;13:37;15:35;17:50;;;;;;;;
27/07/2021;08:40;13:00;14:00;17:30;;;;;;;;
29/07/2021;08:00;12:00;13:00;17:00;;;;;;;;
31/07/2021;00:00;00:00;;;;;;;;;;
01/08/2021;00:00;00:00;;;;;;;;;;
02/08/2021;08:16;13:52;15:20;17:57;;;;;;;;
03/08/2021;08:00;13:28;14:30;17:27;;;;;;;;
04/08/2021;08:50;14:23;15:35;18:16;;;;;;;;
05/08/2021;08:40;14:00;15:30;20:30;;;;;;;;
07/08/2021;00:00;00:00;;;;;;;;;;
08/08/2021;00:00;00:00;;;;;;;;;;
09/08/2021;08:15;15:00;17:00;19:20;;;;;;;;
10/08/2021;08:33;11:50;12:50;17:30;;;;;;;;
11/08/2021;08:40;12:00;14:00;19:10;;;;;;;;
14/08/2021;00:00;00:00;;;;;;;;;;
15/08/2021;00:00;00:00;;;;;;;;;;
16/08/2021;08:00;12:00;14:00;18:06;;;;;;;;
17/08/2021;08:16;12:00;14:00;18:15;;;;;;;;
18/08/2021;08:30;12:38;13:51;18:30;;;;;;;;
21/08/2021;00:00;00:00;;;;;;;;;;
22/08/2021;00:00;00:00;;;;;;;;;;
23/08/2021;08:06;12:02;14:00;18:21;;;;;;;;
24/08/2021;08:30;12:14;14:00;18:30;;;;;;;;
28/08/2021;00:00;00:00;;;;;;;;;;
29/08/2021;00:00;00:00;;;;;;;;;;
30/08/2021;09:00;13:30;14:30;18:05;;;;;;;;
31/08/2021;08:15;13:23;14:25;17:15;;;;;;;;
01/09/2021;09:00;12:00;13:29;18:25;;;;;;;;
02/09/2021;08:10;12:00;13:30;17:46;;;;;;;;
03/09/2021;08:30;13:02;14:15;18:17;;;;;;;;
04/09/2021;00:00;00:00;;;;;;;;;;
05/09/2021;00:00;00:00;;;;;;;;;;
06/09/2021;08:00;13:10;14:10;17:52;;;;;;;;
07/09/2021;00:00;00:00;;;;;;;;;;
08/09/2021;08:00;13:30;14:30;18:00;;;;;;;;
09/09/2021;08:00;12:00;13:30;18:00;;;;;;;;
10/09/2021;08:30;12:00;13:30;18:30;;;;;;;;
11/09/2021;00:00;00:00;;;;;;;;;;
12/09/2021;00:00;00:00;;;;;;;;;;
13/09/2021;08:30;12:00;14:00;19:00;;;;;;;;
14/09/2021;08:00;12:00;13:00;18:05;;;;;;;;
15/09/2021;08:20;12:30;13:30;17:40;;;;;;;;
16/09/2021;08:40;13:00;14:00;17:55;;;;;;;;
17/09/2021;08:30;12:07;13:10;18:30;;;;;;;;
18/09/2021;00:00;00:00;;;;;;;;;;
19/09/2021;00:00;00:00;;;;;;;;;;
25/09/2021;00:00;00:00;;;;;;;;;;
26/09/2021;00:00;00:00;;;;;;;;;;
01/10/2021;08:30;12:00;13:00;18:38;;;;;;;;
02/10/2021;00:00;00:00;;;;;;;;;;
03/10/2021;00:00;00:00;;;;;;;;;;
04/10/2021;09:00;12:00;13:00;18:18;;;;;;;;
05/10/2021;08:00;12:00;13:00;18:10;;;;;;;;
06/10/2021;00:00;00:00;;;;;;;;;;
07/10/2021;08:30;12:00;13:30;18:55;;;;;;;;
08/10/2021;08:40;12:00;14:00;19:33;;;;;;;;
09/10/2021;00:00;00:00;;;;;;;;;;
10/10/2021;00:00;00:00;;;;;;;;;;
12/10/2021;00:00;00:00;;;;;;;;;;
13/10/2021;00:00;00:00;;;;;;;;;;
14/10/2021;00:00;00:00;;;;;;;;;;
15/10/2021;00:00;00:00;;;;;;;;;;
16/10/2021;00:00;00:00;;;;;;;;;;
17/10/2021;00:00;00:00;;;;;;;;;;
18/10/2021;00:00;00:00;;;;;;;;;;
19/10/2021;00:00;00:00;;;;;;;;;;
20/10/2021;00:00;00:00;;;;;;;;;;
21/10/2021;00:00;00:00;;;;;;;;;;
22/10/2021;00:00;00:00;;;;;;;;;;
23/10/2021;00:00;00:00;;;;;;;;;;
24/10/2021;00:00;00:00;;;;;;;;;;
25/10/2021;00:00;00:00;;;;;;;;;;
26/10/2021;00:00;00:00;;;;;;;;;;
27/10/2021;00:00;00:00;;;;;;;;;;
30/10/2021;00:00;00:00;;;;;;;;;;
31/10/2021;00:00;00:00;;;;;;;;;;
01/11/2021;08:30;12:00;13:00;18:00;;;;;;;;
02/11/2021;00:00;00:00;;;;;;;;;;
03/11/2021;08:40;13:00;14:00;17:45;;;;;;;;
04/11/2021;09:00;12:00;13:00;18:00;;;;;;;;
05/11/2021;08:30;12:30;13:40;18:10;;;;;;;;
06/11/2021;00:00;00:00;;;;;;;;;;
07/11/2021;00:00;00:00;;;;;;;;;;
08/11/2021;08:40;13:00;14:00;18:15;;;;;;;;
09/11/2021;07:25;13:21;14:40;19:00;;;;;;;;
10/11/2021;08:25;13:00;14:50;19:31;;;;;;;;
11/11/2021;08:20;12:25;14:10;18:00;;;;;;;;
12/11/2021;07:40;13:45;14:45;18:10;;;;;;;;
13/11/2021;00:00;00:00;;;;;;;;;;
14/11/2021;00:00;00:00;;;;;;;;;;
15/11/2021;00:00;00:00;;;;;;;;;;
16/11/2021;08:30;12:00;13:40;18:00;;;;;;;;
17/11/2021;08:40;12:00;13:30;18:00;;;;;;;;
18/11/2021;07:00;13:00;15:00;18:10;;;;;;;;
19/11/2021;08:30;12:00;14:00;18:39;;;;;;;;
20/11/2021;00:00;00:00;;;;;;;;;;
21/11/2021;00:00;00:00;;;;;;;;;;
27/11/2021;00:00;00:00;;;;;;;;;;
28/11/2021;00:00;00:00;;;;;;;;;;
01/12/2021;09:00;12:00;13:00;18:00;;;;;;;;
02/12/2021;08:40;12:00;13:00;17:50;;;;;;;;
03/12/2021;09:00;12:00;13:00;18:00;;;;;;;;
04/12/2021;00:00;00:00;;;;;;;;;;
05/12/2021;00:00;00:00;;;;;;;;;;
06/12/2021;07:33;12:00;14:00;17:50;;;;;;;;
07/12/2021;08:00;12:00;14:00;18:00;;;;;;;;
08/12/2021;08:35;12:00;13:00;18:00;;;;;;;;
09/12/2021;08:40;12:00;13:00;18:41;;;;;;;;
10/12/2021;08:45;13:30;14:30;18:00;;;;;;;;
11/12/2021;00:00;00:00;;;;;;;;;;
12/12/2021;00:00;00:00;;;;;;;;;;
13/12/2021;08:30;12:00;14:00;18:28;;;;;;;;
14/12/2021;09:00;12:00;13:00;18:14;;;;;;;;
15/12/2021;08:20;12:00;14:00;19:58;;;;;;;;
16/12/2021;09:00;13:30;14:30;18:00;;;;;;;;
17/12/2021;00:00;00:00;;;;;;;;;;
18/12/2021;00:00;00:00;;;;;;;;;;
19/12/2021;00:00;00:00;;;;;;;;;;
21/12/2021;08:30;13:00;15:00;18:30;;;;;;;;
23/12/2021;08:30;13:00;14:00;17:30;;;;;;;;
24/12/2021;08:00;12:00;;;;;;;;;;
25/12/2021;00:00;00:00;;;;;;;;;;
26/12/2021;00:00;00:00;;;;;;;;;;
27/12/2021;08:30;12:00;13:00;17:30;;;;;;;;
29/12/2021;09:00;12:00;13:00;18:00;;;;;;;;
31/12/2021;00:00;00:00;;;;;;;;;;
01/01/2022;00:00;00:00;;;;;;;;;;
02/01/2022;00:00;00:00;;;;;;;;;;
03/01/2022;08:30;12:00;13:30;18:10;;;;;;;;
04/01/2022;08:40;12:00;13:20;18:00;;;;;;;;
05/01/2022;08:30;12:00;13:30;18:15;;;;;;;;
06/01/2022;08:20;12:15;13:40;18:10;;;;;;;;
08/01/2022;00:00;00:00;;;;;;;;;;
09/01/2022;00:00;00:00;;;;;;;;;;
10/01/2022;08:45;12:00;14:00;18:40;;;;;;;;
11/01/2022;08:30;12:00;13:00;18:00;;;;;;;;
13/01/2022;08:30;12:00;13:40;18:00;;;;;;;;
14/01/2022;08:00;12:25;13:40;18:00;;;;;;;;
15/01/2022;00:00;00:00;;;;;;;;;;
16/01/2022;00:00;00:00;;;;;;;;;;
18/01/2022;08:40;12:00;13:00;18:10;;;;;;;;
19/01/2022;08:30;13:30;15:30;19:45;;;;;;;;
20/01/2022;08:40;12:00;13:00;18:00;;;;;;;;
22/01/2022;00:00;00:00;;;;;;;;;;
23/01/2022;00:00;00:00;;;;;;;;;;
27/01/2022;08:35;12:00;13:00;18:10;;;;;;;;
28/01/2022;09:00;13:00;14:00;18:00;;;;;;;;
29/01/2022;00:00;00:00;;;;;;;;;;
30/01/2022;00:00;00:00;;;;;;;;;;
31/01/2022;09:00;12:00;13:00;18:00;;;;;;;;
01/02/2022;08:30;12:00;13:00;17:50;;;;;;;;
02/02/2022;08:30;13:00;14:00;18:00;;;;;;;;
03/02/2022;08:40;12:30;13:30;18:10;;;;;;;;
04/02/2022;08:00;12:00;13:00;18:45;;;;;;;;
05/02/2022;00:00;00:00;;;;;;;;;;
06/02/2022;00:00;00:00;;;;;;;;;;
07/02/2022;08:30;12:00;14:00;18:30;;;;;;;;
08/02/2022;08:30;12:30;13:30;18:33;;;;;;;;
09/02/2022;08:40;13:00;14:00;18:00;;;;;;;;
11/02/2022;08:40;12:30;13:30;18:00;;;;;;;;
12/02/2022;00:00;00:00;;;;;;;;;;
13/02/2022;00:00;00:00;;;;;;;;;;
14/02/2022;08:30;12:00;13:30;18:00;;;;;;;;
15/02/2022;08:40;13:00;14:00;18:30;;;;;;;;
16/02/2022;08:30;12:00;14:00;18:50;;;;;;;;
17/02/2022;08:20;12:00;13:30;18:00;;;;;;;;
18/02/2022;08:30;13:00;14:00;18:00;;;;;;;;
19/02/2022;00:00;00:00;;;;;;;;;;
20/02/2022;00:00;00:00;;;;;;;;;;
21/02/2022;08:40;12:00;13:30;18:00;;;;;;;;
22/02/2022;08:45;12:00;14:00;20:34;;;;;;;;
23/02/2022;08:40;12:00;13:30;18:20;;;;;;;;
24/02/2022;08:30;12:00;13:30;18:00;;;;;;;;
25/02/2022;08:20;13:30;14:30;18:30;;;;;;;;
26/02/2022;00:00;00:00;;;;;;;;;;
27/02/2022;00:00;00:00;;;;;;;;;;
28/02/2022;00:00;00:00;;;;;;;;;;
01/03/2022;00:00;00:00;;;;;;;;;;
02/03/2022;12:00;18:10;;;;;;;;;;
03/03/2022;00:00;00:00;;;;;;;;;;
04/03/2022;00:00;00:00;;;;;;;;;;
05/03/2022;00:00;00:00;;;;;;;;;;
06/03/2022;00:00;00:00;;;;;;;;;;
07/03/2022;00:00;00:00;;;;;;;;;;
08/03/2022;00:00;00:00;;;;;;;;;;
09/03/2022;00:00;00:00;;;;;;;;;;
10/03/2022;00:00;00:00;;;;;;;;;;
11/03/2022;00:00;00:00;;;;;;;;;;
12/03/2022;00:00;00:00;;;;;;;;;;
13/03/2022;00:00;00:00;;;;;;;;;;
14/03/2022;00:00;00:00;;;;;;;;;;
15/03/2022;00:00;00:00;;;;;;;;;;
16/03/2022;00:00;00:00;;;;;;;;;;
17/03/2022;00:00;00:00;;;;;;;;;;
18/03/2022;08:30;12:00;13:00;18:00;;;;;;;;
19/03/2022;00:00;00:00;;;;;;;;;;
20/03/2022;00:00;00:00;;;;;;;;;;
22/03/2022;08:35;12:00;13:30;18:00;;;;;;;;
23/03/2022;08:40;12:00;13:30;18:00;;;;;;;;
24/03/2022;08:30;12:30;13:30;18:00;;;;;;;;
25/03/2022;08:40;13:00;14:00;17:50;;;;;;;;
26/03/2022;00:00;00:00;;;;;;;;;;
27/03/2022;00:00;00:00;;;;;;;;;;
29/03/2022;09:00;12:34;13:34;18:00;;;;;;;;
30/03/2022;08:45;13:11;14:11;17:50;;;;;;;;
31/03/2022;09:00;13:00;14:00;18:09;;;;;;;;
01/04/2022;08:40;12:00;13:00;18:00;;;;;;;;
02/04/2022;00:00;00:00;;;;;;;;;;
03/04/2022;00:00;00:00;;;;;;;;;;
04/04/2022;08:30;12:00;13:00;18:00;;;;;;;;
05/04/2022;08:30;12:00;14:00;18:20;;;;;;;;
06/04/2022;09:00;12:00;13:00;18:00;;;;;;;;
07/04/2022;08:40;12:00;13:30;18:35;;;;;;;;
09/04/2022;00:00;00:00;;;;;;;;;;
10/04/2022;00:00;00:00;;;;;;;;;;
15/04/2022;00:00;00:00;;;;;;;;;;
16/04/2022;00:00;00:00;;;;;;;;;;
17/04/2022;00:00;00:00;;;;;;;;;;
18/04/2022;08:35;12:00;13:30;18:00;;;;;;;;
19/04/2022;08:30;12:00;14:00;19:30;;;;;;;;
20/04/2022;09:00;13:00;14:00;18:00;;;;;;;;
21/04/2022;00:00;00:00;;;;;;;;;;
22/04/2022;08:00;12:00;13:00;18:00;;;;;;;;
23/04/2022;00:00;00:00;;;;;;;;;;
24/04/2022;00:00;00:00;;;;;;;;;;
25/04/2022;09:00;12:00;13:00;18:00;;;;;;;;
26/04/2022;08:30;12:00;14:00;19:10;;;;;;;;
27/04/2022;08:00;12:30;14:30;18:40;;;;;;;;
28/04/2022;08:30;12:00;13:00;17:50;;;;;;;;
30/04/2022;00:00;00:00;;;;;;;;;;
01/05/2022;00:00;00:00;;;;;;;;;;
02/05/2022;08:40;12:00;13:00;18:00;;;;;;;;
04/05/2022;09:00;12:00;13:00;18:00;;;;;;;;
07/05/2022;00:00;00:00;;;;;;;;;;
08/05/2022;00:00;00:00;;;;;;;;;;
09/05/2022;08:35;12:00;13:00;18:00;;;;;;;;
10/05/2022;09:00;12:00;13:00;18:00;;;;;;;;
11/05/2022;08:40;11:00;13:00;18:41;;;;;;;;
12/05/2022;08:40;12:30;13:30;18:00;;;;;;;;
13/05/2022;09:00;12:00;13:00;18:10;;;;;;;;
14/05/2022;00:00;00:00;;;;;;;;;;
15/05/2022;00:00;00:00;;;;;;;;;;
16/05/2022;08:30;12:30;13:30;17:40;;;;;;;;
17/05/2022;08:30;12:00;13:00;17:30;;;;;;;;
18/05/2022;09:00;12:00;13:00;18:00;;;;;;;;
19/05/2022;09:00;13:00;14:00;18:00;;;;;;;;
20/05/2022;08:40;12:00;13:00;17:50;;;;;;;;
21/05/2022;00:00;00:00;;;;;;;;;;
22/05/2022;00:00;00:00;;;;;;;;;;
23/05/2022;00:00;00:00;;;;;;;;;;
24/05/2022;00:00;00:00;;;;;;;;;;
25/05/2022;00:00;00:00;;;;;;;;;;
26/05/2022;00:00;00:00;;;;;;;;;;
27/05/2022;00:00;00:00;;;;;;;;;;
28/05/2022;00:00;00:00;;;;;;;;;;
29/05/2022;00:00;00:00;;;;;;;;;;
30/05/2022;08:00;12:00;13:00;17:00;;;;;;;;
31/05/2022;08:00;12:00;13:00;17:00;;;;;;;;
02/06/2022;07:29;12:17;13:42;19:58;;;;;;;;
03/06/2022;08:40;12:00;13:00;18:03;;;;;;;;
04/06/2022;00:00;00:00;;;;;;;;;;
05/06/2022;00:00;00:00;;;;;;;;;;
06/06/2022;07:36;12:28;13:36;17:09;;;;;;;;
07/06/2022;07:40;12:16;13:59;17:20;;;;;;;;
08/06/2022;07:39;12:26;13:49;17:19;;;;;;;;
10/06/2022;08:30;12:00;13:00;17:30;;;;;;;;
11/06/2022;00:00;00:00;;;;;;;;;;
12/06/2022;00:00;00:00;;;;;;;;;;
13/06/2022;00:00;00:00;;;;;;;;;;
14/06/2022;07:45;11:42;12:42;17:53;;;;;;;;
15/06/2022;07:50;12:10;13:25;17:48;;;;;;;;
16/06/2022;00:00;00:00;;;;;;;;;;
18/06/2022;00:00;00:00;;;;;;;;;;
19/06/2022;00:00;00:00;;;;;;;;;;
20/06/2022;08:00;13:00;15:00;18:00;;;;;;;;
24/06/2022;09:00;12:00;14:00;19:10;;;;;;;;
25/06/2022;00:00;00:00;;;;;;;;;;
26/06/2022;00:00;00:00;;;;;;;;;;
28/06/2022;14:50;18:35;;;;;;;;;;
29/06/2022;07:39;12:36;13:50;17:12;;;;;;;;
30/06/2022;09:00;12:00;13:00;18:32;;;;;;;;
01/07/2022;09:00;12:00;13:00;18:00;;;;;;;;
02/07/2022;00:00;00:00;;;;;;;;;;
03/07/2022;00:00;00:00;;;;;;;;;;
04/07/2022;08:00;12:00;13:00;18:41;;;;;;;;
05/07/2022;08:40;13:00;14:00;18:10;;;;;;;;
06/07/2022;07:53;11:54;12:59;18:06;;;;;;;;
07/07/2022;08:30;12:00;13:00;18:00;;;;;;;;
08/07/2022;08:30;12:00;13:00;17:30;;;;;;;;
09/07/2022;00:00;00:00;;;;;;;;;;
10/07/2022;00:00;00:00;;;;;;;;;;
14/07/2022;08:40;12:00;13:00;17:50;;;;;;;;
16/07/2022;00:00;00:00;;;;;;;;;;
17/07/2022;00:00;00:00;;;;;;;;;;
18/07/2022;08:02;12:37;13:39;17:11;;;;;;;;
19/07/2022;08:33;13:44;14:50;17:55;;;;;;;;
21/07/2022;08:40;12:00;13:00;18:25;;;;;;;;
23/07/2022;00:00;00:00;;;;;;;;;;
24/07/2022;00:00;00:00;;;;;;;;;;
25/07/2022;08:05;12:24;13:40;17:15;;;;;;;;
30/07/2022;00:00;00:00;;;;;;;;;;
31/07/2022;00:00;00:00;;;;;;;;;;
01/08/2022;08:00;12:12;13:21;17:44;;;;;;;;
03/08/2022;07:31;11:52;13:22;17:10;;;;;;;;
04/08/2022;08:37;12:00;13:00;18:00;;;;;;;;
06/08/2022;00:00;00:00;;;;;;;;;;
07/08/2022;00:00;00:00;;;;;;;;;;
08/08/2022;07:56;12:51;14:03;17:18;;;;;;;;
10/08/2022;08:16;13:00;14:06;17:18;;;;;;;;
11/08/2022;08:30;12:00;13:00;17:40;;;;;;;;
12/08/2022;09:00;13:00;14:00;18:00;;;;;;;;
13/08/2022;00:00;00:00;;;;;;;;;;
14/08/2022;00:00;00:00;;;;;;;;;;
15/08/2022;08:40;13:00;14:00;17:40;;;;;;;;
16/08/2022;07:47;12:43;14:02;17:14;;;;;;;;
17/08/2022;07:39;13:00;14:00;17:09;;;;;;;;
19/08/2022;08:40;12:00;13:00;18:00;;;;;;;;
20/08/2022;00:00;00:00;;;;;;;;;;
21/08/2022;00:00;00:00;;;;;;;;;;
22/08/2022;08:30;12:00;13:00;17:50;;;;;;;;
23/08/2022;08:30;13:42;14:47;18:10;;;;;;;;
26/08/2022;08:30;13:30;14:30;17:40;;;;;;;;
27/08/2022;00:00;00:00;;;;;;;;;;
28/08/2022;00:00;00:00;;;;;;;;;;
29/08/2022;00:00;00:00;;;;;;;;;;
31/08/2022;07:51;12:35;13:51;17:02;;;;;;;;
01/09/2022;08:40;12:00;13:00;18:00;;;;;;;;
02/09/2022;09:00;13:00;14:00;18:00;;;;;;;;
03/09/2022;00:00;00:00;;;;;;;;;;
04/09/2022;00:00;00:00;;;;;;;;;;
05/09/2022;07:57;12:06;13:20;17:08;;;;;;;;
06/09/2022;08:38;12:55;13:55;17:43;;;;;;;;
07/09/2022;00:00;00:00;;;;;;;;;;
09/09/2022;08:30;13:00;14:00;17:30;;;;;;;;
10/09/2022;00:00;00:00;;;;;;;;;;
11/09/2022;00:00;00:00;;;;;;;;;;
12/09/2022;08:29;13:00;14:00;17:30;;;;;;;;
14/09/2022;07:44;12:31;13:54;18:34;;;;;;;;
15/09/2022;08:30;12:00;13:30;17:50;;;;;;;;
16/09/2022;08:00;12:00;13:30;17:30;;;;;;;;
17/09/2022;00:00;00:00;;;;;;;;;;
18/09/2022;00:00;00:00;;;;;;;;;;
19/09/2022;08:00;12:00;13:30;17:30;;;;;;;;
20/09/2022;08:30;12:00;14:00;18:50;;;;;;;;
21/09/2022;08:21;12:00;13:30;17:50;;;;;;;;
22/09/2022;08:30;12:00;13:00;17:30;;;;;;;;
23/09/2022;08:20;12:00;14:00;18:50;;;;;;;;
24/09/2022;00:00;00:00;;;;;;;;;;
25/09/2022;00:00;00:00;;;;;;;;;;
26/09/2022;08:00;12:00;14:00;18:10;;;;;;;;
29/09/2022;09:00;13:00;14:00;17:58;;;;;;;;
30/09/2022;08:10;13:00;14:00;17:10;;;;;;;;
01/10/2022;00:00;00:00;;;;;;;;;;
02/10/2022;00:00;00:00;;;;;;;;;;
04/10/2022;08:57;12:58;13:58;18:16;;;;;;;;
05/10/2022;08:54;13:38;14:40;18:15;;;;;;;;
06/10/2022;09:00;12:00;13:00;18:00;;;;;;;;
07/10/2022;08:25;13:00;14:00;17:30;;;;;;;;
08/10/2022;00:00;00:00;;;;;;;;;;
09/10/2022;00:00;00:00;;;;;;;;;;
11/10/2022;08:20;12:00;13:00;17:40;;;;;;;;
12/10/2022;00:00;00:00;;;;;;;;;;
13/10/2022;00:00;00:00;;;;;;;;;;
14/10/2022;00:00;00:00;;;;;;;;;;
15/10/2022;00:00;00:00;;;;;;;;;;
16/10/2022;00:00;00:00;;;;;;;;;;
17/10/2022;00:00;00:00;;;;;;;;;;
18/10/2022;00:00;00:00;;;;;;;;;;
19/10/2022;00:00;00:00;;;;;;;;;;
20/10/2022;00:00;00:00;;;;;;;;;;
21/10/2022;00:00;00:00;;;;;;;;;;
22/10/2022;00:00;00:00;;;;;;;;;;
23/10/2022;00:00;00:00;;;;;;;;;;
24/10/2022;00:00;00:00;;;;;;;;;;
25/10/2022;00:00;00:00;;;;;;;;;;
26/10/2022;00:00;00:00;;;;;;;;;;
27/10/2022;00:00;00:00;;;;;;;;;;
28/10/2022;08:30;12:00;13:00;17:30;;;;;;;;
29/10/2022;00:00;00:00;;;;;;;;;;
30/10/2022;00:00;00:00;;;;;;;;;;
31/10/2022;08:30;12:00;14:00;18:30;;;;;;;;
01/11/2022;08:00;13:00;14:00;17:00;;;;;;;;
02/11/2022;00:00;00:00;;;;;;;;;;
03/11/2022;08:30;12:00;13:00;17:30;;;;;;;;
04/11/2022;08:30;12:00;13:30;17:50;;;;;;;;
05/11/2022;00:00;00:00;;;;;;;;;;
06/11/2022;00:00;00:00;;;;;;;;;;
07/11/2022;08:30;12:00;13:30;18:00;;;;;;;;
08/11/2022;08:50;12:00;13:00;18:00;;;;;;;;
10/11/2022;08:30;12:30;13:30;17:40;;;;;;;;
11/11/2022;08:00;12:00;13:00;17:50;;;;;;;;
12/11/2022;00:00;00:00;;;;;;;;;;
13/11/2022;00:00;00:00;;;;;;;;;;
14/11/2022;08:30;12:00;13:00;17:30;;;;;;;;
15/11/2022;00:00;00:00;;;;;;;;;;
16/11/2022;08:30;12:00;13:00;17:30;;;;;;;;
17/11/2022;08:40;12:00;13:00;17:50;;;;;;;;
18/11/2022;09:00;13:00;14:00;18:10;;;;;;;;
19/11/2022;00:00;00:00;;;;;;;;;;
20/11/2022;00:00;00:00;;;;;;;;;;
22/11/2022;00:00;00:00;;;;;;;;;;
23/11/2022;08:07;12:58;14:18;17:25;;;;;;;;
24/11/2022;08:00;12:00;13:00;15:45;;;;;;;;
25/11/2022;08:30;12:00;13:00;17:30;;;;;;;;
26/11/2022;00:00;00:00;;;;;;;;;;
27/11/2022;00:00;00:00;;;;;;;;;;
28/11/2022;08:00;12:45;15:20;18:00;;;;;;;;
29/11/2022;08:30;12:00;13:00;17:30;;;;;;;;
30/11/2022;07:19;13:01;14:01;16:19;;;;;;;;
01/12/2022;08:30;12:00;13:00;18:07;;;;;;;;
02/12/2022;08:00;12:00;13:00;16:00;;;;;;;;
03/12/2022;00:00;00:00;;;;;;;;;;
04/12/2022;00:00;00:00;;;;;;;;;;
05/12/2022;08:30;12:00;13:00;15:45;;;;;;;;
08/12/2022;09:00;12:00;13:00;18:05;;;;;;;;
09/12/2022;08:40;12:00;13:00;17:40;;;;;;;;
10/12/2022;00:00;00:00;;;;;;;;;;
11/12/2022;00:00;00:00;;;;;;;;;;
12/12/2022;08:40;12:00;13:00;17:50;;;;;;;;
13/12/2022;09:00;13:00;14:00;18:30;;;;;;;;
14/12/2022;08:40;12:00;13:30;18:20;;;;;;;;
15/12/2022;08:30;13:00;14:00;17:50;;;;;;;;
16/12/2022;08:30;12:00;13:00;17:40;;;;;;;;
17/12/2022;00:00;00:00;;;;;;;;;;
18/12/2022;00:00;00:00;;;;;;;;;;
19/12/2022;08:30;12:00;13:00;17:30;;;;;;;;
20/12/2022;08:00;13:00;14:00;17:30;;;;;;;;
21/12/2022;07:33;13:36;14:36;17:34;;;;;;;;
22/12/2022;08:30;12:00;13:00;17:30;;;;;;;;
23/12/2022;08:30;12:00;13:00;16:40;;;;;;;;
24/12/2022;00:00;00:00;;;;;;;;;;
25/12/2022;00:00;00:00;;;;;;;;;;
27/12/2022;08:50;12:00;13:20;18:10;;;;;;;;
30/12/2022;08:30;13:00;;;;;;;;;;
31/12/2022;00:00;00:00;;;;;;;;;;
01/01/2023;00:00;00:00;;;;;;;;;;
02/01/2023;07:56;11:52;13:21;17:39;;;;;;;;
03/01/2023;08:35;12:20;13:35;18:22;;;;;;;;
04/01/2023;08:00;12:00;13:00;17:00;;;;;;;;
07/01/2023;00:00;00:00;;;;;;;;;;
08/01/2023;00:00;00:00;;;;;;;;;;
10/01/2023;09:00;12:00;13:00;18:00;;;;;;;;
11/01/2023;08:29;11:58;13:21;18:10;;;;;;;;
13/01/2023;08:30;12:00;13:00;17:40;;;;;;;;
14/01/2023;00:00;00:00;;;;;;;;;;
15/01/2023;00:00;00:00;;;;;;;;;;
16/01/2023;08:18;13:43;14:55;17:58;;;;;;;;
17/01/2023;08:00;12:00;13:40;17:40;;;;;;;;
18/01/2023;08:03;12:31;13:43;18:11;;;;;;;;
20/01/2023;09:00;12:00;13:00;18:00;;;;;;;;
21/01/2023;00:00;00:00;;;;;;;;;;
22/01/2023;00:00;00:00;;;;;;;;;;
23/01/2023;07:41;12:34;13:40;17:25;;;;;;;;
25/01/2023;07:50;12:02;13:05;17:18;;;;;;;;
27/01/2023;08:40;11:30;12:30;17:40;;;;;;;;
28/01/2023;00:00;00:00;;;;;;;;;;
29/01/2023;00:00;00:00;;;;;;;;;;
30/01/2023;08:21;12:02;13:32;17:44;;;;;;;;
31/01/2023;08:30;12:00;13:00;17:55;;;;;;;;
01/02/2023;08:08;12:08;;;;;;;;;;
02/02/2023;08:30;12:00;13:00;17:40;;;;;;;;
04/02/2023;00:00;00:00;;;;;;;;;;
05/02/2023;00:00;00:00;;;;;;;;;;
06/02/2023;08:10;12:57;14:11;17:35;;;;;;;;
09/02/2023;08:00;13:30;14:30;18:00;;;;;;;;
10/02/2023;08:00;12:00;13:00;18:10;;;;;;;;
11/02/2023;00:00;00:00;;;;;;;;;;
12/02/2023;00:00;00:00;;;;;;;;;;
13/02/2023;08:01;13:06;14:16;17:47;;;;;;;;
14/02/2023;08:28;12:20;13:27;19:01;;;;;;;;
15/02/2023;09:00;12:00;14:00;19:00;;;;;;;;
16/02/2023;09:30;12:00;14:00;19:30;;;;;;;;
18/02/2023;00:00;00:00;;;;;;;;;;
19/02/2023;00:00;00:00;;;;;;;;;;
20/02/2023;00:00;00:00;;;;;;;;;;
21/02/2023;00:00;00:00;;;;;;;;;;
22/02/2023;00:00;00:00;;;;;;;;;;
23/02/2023;00:00;00:00;;;;;;;;;;
24/02/2023;00:00;00:00;;;;;;;;;;
25/02/2023;00:00;00:00;;;;;;;;;;
26/02/2023;00:00;00:00;;;;;;;;;;
27/02/2023;00:00;00:00;;;;;;;;;;
28/02/2023;00:00;00:00;;;;;;;;;;
01/03/2023;00:00;00:00;;;;;;;;;;
02/03/2023;00:00;00:00;;;;;;;;;;
03/03/2023;00:00;00:00;;;;;;;;;;
04/03/2023;00:00;00:00;;;;;;;;;;
05/03/2023;00:00;00:00;;;;;;;;;;
06/03/2023;00:00;00:00;;;;;;;;;;
07/03/2023;00:00;00:00;;;;;;;;;;
08/03/2023;00:00;00:00;;;;;;;;;;
10/03/2023;08:30;12:00;13:00;17:30;;;;;;;;
11/03/2023;00:00;00:00;;;;;;;;;;
12/03/2023;00:00;00:00;;;;;;;;;;
13/03/2023;08:38;12:36;14:26;18:34;;;;;;;;
14/03/2023;08:28;12:07;13:53;18:41;;;;;;;;
15/03/2023;08:00;12:00;13:00;17:00;;;;;;;;
17/03/2023;08:00;12:00;13:00;18:00;;;;;;;;
18/03/2023;00:00;00:00;;;;;;;;;;
19/03/2023;00:00;00:00;;;;;;;;;;
21/03/2023;07:49;13:08;14:28;17:18;;;;;;;;
22/03/2023;08:54;12:19;13:38;18:07;;;;;;;;
23/03/2023;08:30;12:00;13:00;18:00;;;;;;;;
24/03/2023;08:30;12:00;13:00;17:30;;;;;;;;
25/03/2023;00:00;00:00;;;;;;;;;;
26/03/2023;00:00;00:00;;;;;;;;;;
27/03/2023;00:00;00:00;;;;;;;;;;
28/03/2023;08:26;12:14;13:31;17:59;;;;;;;;
29/03/2023;08:00;12:01;13:12;17:09;;;;;;;;
30/03/2023;09:00;12:00;13:00;18:00;;;;;;;;
01/04/2023;00:00;00:00;;;;;;;;;;
02/04/2023;00:00;00:00;;;;;;;;;;
06/04/2023;00:00;00:00;;;;;;;;;;
07/04/2023;00:00;00:00;;;;;;;;;;
08/04/2023;00:00;00:00;;;;;;;;;;
09/04/2023;00:00;00:00;;;;;;;;;;
10/04/2023;00:00;00:00;;;;;;;;;;
12/04/2023;00:00;00:00;;;;;;;;;;
